customer_id,fullname,email_address,birthdate,gender,city,state,postal_code,country_code2,frequency
10001,Lindie Rennebeck,lrennebeck0@myspace.com,1984-06-28,F,Bakersfield,CA,93305,US,2
10002,Herschel Farquharson,hfarquharson1@fc2.com,1981-06-30,M,Erie,PA,16522,US,1
10003,Daphna Franses,dfranses2@google.com.au,1982-09-03,F,Los Angeles,CA,90101,US,2
10004,Coraline Danilyak,cdanilyak3@discovery.com,1986-12-27,F,Garland,TX,75049,US,1
10005,Dannye D'Elias,ddelias4@yellowbook.com,1990-08-04,F,Bethlehem,PA,18018,US,4
10006,Isidor Grestye,igrestye5@hostgator.com,1983-10-07,M,Kent,WA,98042,US,2
10007,Kenn Davidovic,kdavidovic6@amazon.com,1977-12-23,M,Denver,CO,80235,US,1
10008,Charmion Lettuce,clettuce7@i2i.jp,1982-09-14,F,Appleton,WI,54915,US,2
10009,Vernor McGillecole,vmcgillecole8@tuttocitta.it,1974-05-01,M,Sterling,VA,20167,US,1
10010,Debor Leffek,dleffek9@slashdot.org,1979-11-02,F,Jacksonville,FL,32277,US,1
10011,Daisie Durber,ddurbera@netlog.com,1976-01-18,F,Naples,FL,33961,US,1
10012,Dore Terbeck,dterbeckb@cyberchimps.com,1993-03-10,M,West Palm Beach,FL,33411,US,3
10013,Saundra Thomson,sthomsonc@cargocollective.com,1964-05-30,F,Wilmington,DE,19886,US,2
10014,Gnni Tonkin,gtonkind@storify.com,1973-06-11,F,Denver,CO,80241,US,1
10015,Andra Verrill,averrille@netlog.com,1993-10-20,F,Honolulu,HI,96815,US,1
10016,Karon Kett,kkettf@reverbnation.com,1986-05-30,F,Bryan,TX,77806,US,4
10017,Gerri Bartholomew,gbartholomewg@patch.com,1989-06-11,M,Temple,TX,76505,US,1
10018,Blaire Lamacraft,blamacrafth@unicef.org,1975-06-18,F,New York City,NY,10045,US,1
10019,Ari Ferentz,aferentzi@si.edu,1981-02-26,M,Valley Forge,PA,19495,US,1
10020,Matthieu Grindrod,mgrindrodj@photobucket.com,1988-08-06,M,Greenville,SC,29610,US,1
10021,Buddy Cregeen,bcregeenk@ask.com,1975-03-27,M,Akron,OH,44305,US,2
10022,Cornall Menichi,cmenichil@google.pl,1974-05-13,M,Rochester,NY,14614,US,2
10023,Horacio Lerhinan,hlerhinanm@japanpost.jp,1992-01-26,M,San Francisco,CA,94159,US,1
10024,Tabina Reston,trestonn@ucla.edu,1983-11-13,F,Tucson,AZ,85720,US,3
10025,Lotti Ilett,liletto@cnn.com,1993-06-05,F,Minneapolis,MN,55441,US,1
10026,Hedda MacCrosson,hmaccrossonp@nps.gov,1984-04-13,F,Baltimore,MD,21216,US,2
10027,Suzy Zolini,szoliniq@symantec.com,1986-03-18,F,Roanoke,VA,24048,US,1
10028,Alejandro Ackeroyd,aackeroydr@google.com,1987-08-26,M,Philadelphia,PA,19136,US,1
10029,Farly Elen,felens@illinois.edu,1983-09-04,M,Milwaukee,WI,53210,US,1
10030,Tabby Kryszka,tkryszkat@nasa.gov,1985-09-29,M,Washington,DC,20575,US,2
10031,Guillemette Challiner,gchallineru@webnode.com,1991-05-17,F,Houston,TX,77065,US,1
10032,Garner Yukhnini,gyukhniniv@macromedia.com,1988-09-26,M,Rochester,NY,14683,US,2
10033,Nara Downage,ndownagew@bluehost.com,1990-10-15,F,Memphis,TN,38143,US,1
10034,Talbot Hallede,thalledex@google.fr,1978-06-05,M,Roanoke,VA,24014,US,1
10035,Dana Batt,dbatty@fc2.com,1984-12-15,M,Boise,ID,83716,US,1
10036,Shantee Bernth,sbernthz@bbb.org,1986-09-05,F,Shawnee Mission,KS,66286,US,1
10037,Loni Tzarkov,ltzarkov10@soup.io,1963-05-15,F,Tallahassee,FL,32304,US,2
10038,Helen-elizabeth Starbeck,hstarbeck11@4shared.com,1987-04-06,F,Colorado Springs,CO,80945,US,1
10039,Bronny Maryman,bmaryman12@wsj.com,1995-05-25,M,Oxnard,CA,93034,US,1
10040,Barde Adanet,badanet13@theglobeandmail.com,1989-08-08,M,Huntsville,AL,35815,US,1
10041,Lotti Herion,lherion14@hatena.ne.jp,1993-08-18,F,El Paso,TX,79977,US,4
10042,Mignonne De la Eglise,mde15@elpais.com,1984-08-21,F,Las Vegas,NV,89178,US,1
10043,Fanya Dracksford,fdracksford16@tamu.edu,1987-02-01,F,Appleton,WI,54915,US,2
10044,Yolanda Kahler,ykahler17@vimeo.com,1985-11-04,F,Honolulu,HI,96815,US,2
10045,Sawyer Weatherley,sweatherley18@gov.uk,1974-01-20,M,Orange,CA,92867,US,1
10046,Janeta Ricards,jricards19@patch.com,1973-05-17,F,Minneapolis,MN,55446,US,1
10047,Lucky Kinsett,lkinsett1a@wsj.com,1992-10-24,F,Stockton,CA,95298,US,3
10048,Merrilee McCane,mmccane1b@tmall.com,1984-02-23,F,Port Saint Lucie,FL,34985,US,1
10049,Carilyn Korneichik,ckorneichik1c@xing.com,1993-09-05,F,Huntington Beach,CA,92648,US,1
10050,Kristofer Leverage,kleverage1d@ft.com,1977-02-14,M,Harrisburg,PA,17105,US,1
10051,Alyson De Domenico,ade1e@google.com.hk,1975-07-03,F,Washington,DC,20260,US,1
10052,Seumas Olliver,solliver1f@edublogs.org,1981-01-24,M,Pensacola,FL,32511,US,1
10053,Shalne Biddell,sbiddell1g@home.pl,1972-01-17,F,New York City,NY,10125,US,4
10054,Melinde Sancho,msancho1h@studiopress.com,1982-01-11,F,Amarillo,TX,79188,US,1
10055,Georgiana Winterscale,gwinterscale1i@artisteer.com,1993-05-08,F,Cleveland,OH,44130,US,1
10056,Hannis Dradey,hdradey1j@howstuffworks.com,1997-04-04,F,Mobile,AL,36689,US,3
10057,Spencer Daveren,sdaveren1k@tumblr.com,1998-01-04,M,Toledo,OH,43610,US,6
10058,Aurelia Philps,aphilps1l@hostgator.com,1976-03-23,F,Tucson,AZ,85715,US,1
10059,Thayne Quarrington,tquarrington1m@illinois.edu,1999-11-05,M,Oakland,CA,94605,US,1
10060,Neysa Cottisford,ncottisford1n@cbslocal.com,1980-06-05,F,Shawnee Mission,KS,66215,US,1
10061,Nathalie Anderton,nanderton1o@wiley.com,1977-12-21,F,Madison,WI,53790,US,1
10062,Wash Latore,wlatore1p@cdc.gov,1987-11-06,M,Wilmington,NC,28410,US,1
10063,Aurora Deport,adeport1q@loc.gov,1972-08-18,F,Wichita Falls,TX,76305,US,1
10064,Vivia Scoggan,vscoggan1r@nih.gov,1987-06-05,F,Daytona Beach,FL,32123,US,3
10065,Erma Spiby,espiby1s@dyndns.org,1994-12-08,F,Tucson,AZ,85754,US,1
10066,Braden Hawley,bhawley1t@dyndns.org,1983-12-03,M,Las Cruces,NM,88006,US,2
10067,Jan Grenshields,jgrenshields1u@cbslocal.com,1986-02-27,M,Sioux Falls,SD,57193,US,3
10068,Samaria Popplewell,spopplewell1v@etsy.com,1985-06-19,F,Nashville,TN,37210,US,2
10069,Tricia Goadbie,tgoadbie1w@va.gov,1995-09-27,F,Milwaukee,WI,53277,US,1
10070,Auberon Halladay,ahalladay1x@last.fm,1999-06-16,M,Iowa City,IA,52245,US,1
10071,Aurie Tuffey,atuffey1y@alibaba.com,1974-03-02,F,New Haven,CT,06520,US,3
10072,Maurita Rablin,mrablin1z@geocities.jp,1979-04-10,F,Huntington,WV,25709,US,1
10073,Auberon Cattonnet,acattonnet20@cnn.com,1983-03-26,M,Chico,CA,95973,US,1
10074,Merrielle Strank,mstrank21@a8.net,1999-03-31,F,Saint Petersburg,FL,33731,US,3
10075,Jefferey Gives,jgives22@tumblr.com,1979-09-17,M,Omaha,NE,68124,US,2
10076,Westley Jollye,wjollye23@marriott.com,1975-02-27,M,Tulsa,OK,74170,US,1
10077,Fedora Wyleman,fwyleman24@about.com,1972-04-09,F,Fort Worth,TX,76162,US,3
10078,Koressa Coumbe,kcoumbe25@rambler.ru,1989-11-01,F,West Palm Beach,FL,33405,US,1
10079,Bald Arling,barling26@elpais.com,1987-05-30,M,Saginaw,MI,48609,US,2
10080,Dall Bonney,dbonney27@sbwire.com,1986-05-04,M,Virginia Beach,VA,23464,US,1
10081,Concordia Shird,cshird28@istockphoto.com,1990-05-04,F,Palo Alto,CA,94302,US,2
10082,Minor Weedall,mweedall29@ucla.edu,1990-12-28,M,Washington,DC,20591,US,9
10083,Valdemar Peggrem,vpeggrem2a@nifty.com,1972-03-12,M,Dallas,TX,75241,US,1
10084,Danyelle Sowley,dsowley2b@devhub.com,1986-07-16,F,Austin,TX,78783,US,1
10085,Fayette May,fmay2c@marriott.com,1974-08-27,F,Birmingham,AL,35236,US,3
10086,Laney Brehat,lbrehat2d@alibaba.com,1970-04-13,M,Cincinnati,OH,45243,US,4
10087,Quincy Bausor,qbausor2e@dell.com,1982-10-04,M,San Jose,CA,95155,US,3
10088,Lotte Blanket,lblanket2f@flickr.com,1995-09-02,F,Brea,CA,92822,US,1
10089,Tessi Rushbrooke,trushbrooke2g@shutterfly.com,1998-08-13,F,Macon,GA,31296,US,1
10090,Mort Smillie,msmillie2h@latimes.com,1993-03-03,M,Fort Wayne,IN,46857,US,3
10091,Dreddy Longland,dlongland2i@weebly.com,1978-08-06,F,Houston,TX,77223,US,1
10092,Jasmina Kingswood,jkingswood2j@upenn.edu,1989-05-24,F,Washington,DC,20420,US,1
10093,Tessa Vidgeon,tvidgeon2k@wikimedia.org,1972-12-15,F,New York City,NY,10275,US,2
10094,Marcelline Lathee,mlathee2l@pen.io,1993-04-05,F,San Antonio,TX,78285,US,3
10095,Marjy Whight,mwhight2m@google.nl,1983-07-22,F,Silver Spring,MD,20918,US,2
10096,Brad Sollime,bsollime2n@discovery.com,1994-09-04,M,Miami,FL,33233,US,1
10097,Hyacinth Boatswain,hboatswain2o@oaic.gov.au,1977-05-17,F,Lincoln,NE,68531,US,1
10098,Rich MacCaughey,rmaccaughey2p@myspace.com,1995-09-11,M,Stockton,CA,95219,US,3
10099,Deane Cornew,dcornew2q@craigslist.org,1988-10-08,F,Atlanta,GA,30358,US,2
10100,Nessy Galloway,ngalloway2r@taobao.com,1990-10-21,F,Washington,DC,20051,US,1
10101,Olivette Stonier,ostonier2s@hexun.com,1972-02-12,F,Los Angeles,CA,90050,US,1
10102,Evelyn Tebbitt,etebbitt2t@storify.com,1971-09-06,M,Salt Lake City,UT,84105,US,1
10103,Fran Cotton,fcotton2u@mit.edu,1995-04-26,F,Tucson,AZ,85748,US,1
10104,Bird Benner,bbenner2v@skype.com,1988-04-21,F,El Paso,TX,79916,US,6
10105,Sherye Marflitt,smarflitt2w@youtube.com,1996-07-18,F,Saint Petersburg,FL,33731,US,2
10106,Natale Thurner,nthurner2x@cargocollective.com,1985-05-14,M,Austin,TX,78721,US,2
10107,Moritz McLelland,mmclelland2y@cyberchimps.com,1992-05-24,M,Rochester,NY,14652,US,1
10108,Appolonia Andretti,aandretti2z@hexun.com,1990-07-10,F,Gilbert,AZ,85297,US,1
10109,Bekki Smiley,bsmiley30@businessweek.com,1988-05-05,F,Lincoln,NE,68531,US,1
10110,Wandis Scriviner,wscriviner31@opensource.org,1998-09-28,F,Albany,NY,12242,US,1
10111,Sutherlan Arnaldo,sarnaldo32@ocn.ne.jp,1995-11-24,M,Apache Junction,AZ,85219,US,3
10112,Tessy Ducker,tducker33@oaic.gov.au,1981-02-04,F,Lexington,KY,40546,US,1
10113,Melessa Preddy,mpreddy34@example.com,1987-11-28,F,Corpus Christi,TX,78426,US,1
10114,Kristoforo Rainville,krainville35@hatena.ne.jp,1982-01-17,M,San Jose,CA,95133,US,3
10115,Jason Grocutt,jgrocutt36@craigslist.org,1982-07-05,M,Newton,MA,02458,US,4
10116,Aggi Odgaard,aodgaard37@wisc.edu,1991-06-26,F,Norwalk,CT,06854,US,2
10117,Cacilia Fernandez,cfernandez38@delicious.com,1972-05-15,F,Murfreesboro,TN,37131,US,3
10118,Susanne Mattheissen,smattheissen39@elegantthemes.com,1987-10-01,F,Phoenix,AZ,85030,US,3
10119,Wynn Thynne,wthynne3a@wikipedia.org,1989-10-13,M,Columbus,OH,43268,US,1
10120,Elaina Domek,edomek3b@squidoo.com,1967-02-07,F,Louisville,KY,40225,US,2
10121,Brewer Rheaume,brheaume3c@quantcast.com,1985-10-30,M,San Diego,CA,92170,US,1
10122,Rutledge Elham,relham3d@t.co,1991-06-03,M,Saint Louis,MO,63143,US,1
10123,Tanney Scutchin,tscutchin3e@ovh.net,1979-05-25,M,Santa Fe,NM,87505,US,3
10124,Maynord Cloughton,mcloughton3f@google.it,1976-05-02,M,Idaho Falls,ID,83405,US,1
10125,Markos Saggs,msaggs3g@upenn.edu,1988-04-18,M,Bowie,MD,20719,US,1
10126,Graig Zorn,gzorn3h@elegantthemes.com,1993-10-30,M,Peoria,IL,61605,US,3
10127,Brucie Ickovits,bickovits3i@wiley.com,1994-03-20,M,College Station,TX,77844,US,4
10128,Spencer Sellor,ssellor3j@xing.com,1994-05-14,M,Johnson City,TN,37605,US,2
10129,Amber Bradmore,abradmore3k@answers.com,1989-07-25,F,Fresno,CA,93773,US,1
10130,Land Kadd,lkadd3l@ed.gov,1988-07-03,M,Edmond,OK,73034,US,1
10131,Hastings Leguay,hleguay3m@home.pl,1995-10-22,M,Reno,NV,89519,US,1
10132,Carolann Naisbit,cnaisbit3n@domainmarket.com,1991-04-15,F,Sarasota,FL,34238,US,1
10133,Melicent McLice,mmclice3o@360.cn,1991-08-22,F,Seattle,WA,98175,US,1
10134,Averell Thacker,athacker3p@stumbleupon.com,1983-11-13,M,Salt Lake City,UT,84110,US,1
10135,Garrek Champerlen,gchamperlen3q@cbsnews.com,1976-02-29,M,Omaha,NE,68197,US,2
10136,Teodora Hadaway,thadaway3r@senate.gov,1995-12-10,F,Tucson,AZ,85748,US,2
10137,Hamilton Rotlauf,hrotlauf3s@wiley.com,1974-03-27,M,Albany,NY,12232,US,1
10138,Demetri Lindenblatt,dlindenblatt3t@redcross.org,1999-10-12,M,Atlanta,GA,30386,US,3
10139,Sonia Quadling,squadling3u@reddit.com,1997-03-27,F,Helena,MT,59623,US,1
10140,Gusty Ragles,gragles3v@cocolog-nifty.com,1973-07-24,F,Baton Rouge,LA,70815,US,3
10141,Ursulina Sallinger,usallinger3w@bbc.co.uk,1979-10-10,F,Newark,DE,19714,US,1
10142,Stefanie Quimby,squimby3x@netlog.com,1989-01-28,F,Saint Paul,MN,55146,US,1
10143,Patricia Hockell,phockell3y@umn.edu,1977-05-06,F,Norfolk,VA,23504,US,1
10144,Bartolemo Costigan,bcostigan3z@desdev.cn,1985-10-03,M,Clearwater,FL,33763,US,1
10145,Anthony Prandoni,aprandoni40@51.la,1990-11-29,M,Shawnee Mission,KS,66225,US,2
10146,Harrie Gemmill,hgemmill41@deviantart.com,1994-08-08,F,Providence,RI,02912,US,1
10147,Dayna Ledger,dledger42@house.gov,1998-07-06,F,Fort Pierce,FL,34981,US,1
10148,Brenden Grestie,bgrestie43@telegraph.co.uk,1991-07-28,M,Atlanta,GA,30323,US,1
10149,Gothart Bagott,gbagott44@marketwatch.com,1992-06-01,M,Philadelphia,PA,19109,US,3
10150,Itch O'Shevlan,ioshevlan45@about.com,1975-10-05,M,Escondido,CA,92030,US,1
10151,Lanna McIndrew,lmcindrew46@mail.ru,1995-03-21,F,Washington,DC,20540,US,1
10152,Maude Denzilow,mdenzilow47@un.org,1998-09-12,F,Merrifield,VA,22119,US,1
10153,Nicolea Rohlf,nrohlf48@gov.uk,1982-10-16,F,Colorado Springs,CO,80951,US,2
10154,Gunar Teaser,gteaser49@jigsy.com,1979-10-11,M,Washington,DC,20420,US,2
10155,Brand Clapham,bclapham4a@imdb.com,1977-12-08,M,Durham,NC,27717,US,3
10156,Lemuel Sambedge,lsambedge4b@meetup.com,1998-07-13,M,Round Rock,TX,78682,US,1
10157,Abigael Emmer,aemmer4c@dion.ne.jp,1975-02-20,F,Madison,WI,53785,US,4
10158,Casie Carless,ccarless4d@tinypic.com,1973-03-12,F,Topeka,KS,66642,US,2
10159,Brunhilde Fussen,bfussen4e@zdnet.com,1976-05-07,F,Shawnee Mission,KS,66210,US,2
10160,Kahlil Shotbolt,kshotbolt4f@github.com,1978-03-10,M,Beaufort,SC,29905,US,1
10161,Hendrick Bulbeck,hbulbeck4g@omniture.com,1978-11-13,M,San Francisco,CA,94142,US,1
10162,Cello Hamor,chamor4h@de.vu,1981-07-10,M,Omaha,NE,68197,US,1
10163,Viki Gooderridge,vgooderridge4i@businesswire.com,1985-02-26,F,Milwaukee,WI,53234,US,2
10164,Mahala Morican,mmorican4j@soundcloud.com,1988-08-02,F,Jamaica,NY,11499,US,1
10165,Arlen Armitt,aarmitt4k@list-manage.com,1998-06-18,F,Birmingham,AL,35236,US,2
10166,Gussi Rowth,growth4l@cam.ac.uk,1972-09-03,F,Albuquerque,NM,87195,US,1
10167,Amberly Gyves,agyves4m@ycombinator.com,1978-01-05,F,Jamaica,NY,11407,US,1
10168,Josias Teideman,jteideman4n@aol.com,1993-02-02,M,Phoenix,AZ,85053,US,2
10169,Toddie Itzakson,titzakson4o@mapquest.com,1994-05-01,M,Alexandria,VA,22313,US,1
10170,Bary Trunks,btrunks4p@wired.com,1966-12-01,M,Dallas,TX,75353,US,1
10171,Aili Simla,asimla4q@tripadvisor.com,1994-07-11,F,Modesto,CA,95354,US,3
10172,Archy Peert,apeert4r@yellowbook.com,1997-12-11,M,Jamaica,NY,11407,US,1
10173,Adrien Northway,anorthway4s@wisc.edu,1992-05-01,M,Orlando,FL,32819,US,3
10174,Drusy Mockler,dmockler4t@delicious.com,1993-07-19,F,Durham,NC,27705,US,1
10175,Judith Clayborn,jclayborn4u@princeton.edu,1984-06-06,F,Duluth,MN,55811,US,2
10176,Roxi Tebbut,rtebbut4v@ycombinator.com,1984-09-27,F,Portland,OR,97221,US,2
10177,Cad Cartmael,ccartmael4w@businesswire.com,1966-10-12,M,Beaufort,SC,29905,US,3
10178,Joella Fishpoole,jfishpoole4x@bigcartel.com,1990-07-18,F,Washington,DC,20575,US,1
10179,Drusi Giron,dgiron4y@phoca.cz,1986-01-04,F,Wichita Falls,TX,76305,US,1
10180,Clarette Russ,cruss4z@china.com.cn,1985-04-13,F,Cape Coral,FL,33915,US,1
10181,Vivi Dobbie,vdobbie50@buzzfeed.com,1991-01-05,F,New York City,NY,10292,US,1
10182,Justinn Cowlam,jcowlam51@domainmarket.com,1978-06-09,F,Huntington Beach,CA,92648,US,1
10183,Alvy Bohea,abohea52@lulu.com,1992-02-02,M,Tucson,AZ,85754,US,2
10184,Mallorie Armitt,marmitt53@dedecms.com,1991-03-19,F,Winston Salem,NC,27116,US,1
10185,Neilla Brickell,nbrickell54@twitter.com,1965-12-10,F,Tallahassee,FL,32314,US,1
10186,Fergus Hauxby,fhauxby55@taobao.com,1986-12-22,M,Denver,CO,80262,US,2
10187,Rodrigo Pelz,rpelz56@51.la,1991-12-04,M,Des Moines,IA,50362,US,3
10188,Arman Cockerell,acockerell57@geocities.jp,1970-03-21,M,San Francisco,CA,94137,US,1
10189,Ted Legier,tlegier58@abc.net.au,1996-11-15,F,Salt Lake City,UT,84110,US,2
10190,Rosina Tregust,rtregust59@tripod.com,1991-05-30,F,Saint Petersburg,FL,33705,US,3
10191,Alessandro Fullerlove,afullerlove5a@simplemachines.org,1981-08-04,M,Arvada,CO,80005,US,1
10192,Hube Dany,hdany5b@netvibes.com,1996-03-03,M,Oakland,CA,94605,US,5
10193,Blinnie Spurier,bspurier5c@ed.gov,1980-02-14,F,Los Angeles,CA,90094,US,6
10194,Leonerd Hubach,lhubach5d@printfriendly.com,1986-03-08,M,Tucson,AZ,85720,US,1
10195,Gerty McCourt,gmccourt5e@archive.org,1987-12-27,F,Charleston,SC,29416,US,2
10196,Ric Reoch,rreoch5f@trellian.com,1982-11-03,M,Jamaica,NY,11407,US,2
10197,Selestina Wenban,swenban5g@bravesites.com,1988-09-18,F,Chattanooga,TN,37450,US,2
10198,Gerri Bilofsky,gbilofsky5h@reverbnation.com,1988-02-28,F,Elizabeth,NJ,07208,US,2
10199,Dudley Zuan,dzuan5i@webnode.com,1997-01-05,M,Birmingham,AL,35242,US,1
10200,Isadore Lubbock,ilubbock5j@fastcompany.com,1998-02-20,M,Memphis,TN,38181,US,2
10201,Anni Matheson,amatheson5k@adobe.com,1998-01-22,F,Kansas City,MO,64125,US,1
10202,Kip Steanyng,ksteanyng5l@boston.com,1992-08-09,F,Saint Petersburg,FL,33715,US,1
10203,Clarisse Govan,cgovan5m@dailymail.co.uk,1990-11-21,F,Green Bay,WI,54305,US,3
10204,Dallis Leed,dleed5n@google.com,1992-06-22,M,Cincinnati,OH,45271,US,1
10205,Coop Ferrarello,cferrarello5o@chicagotribune.com,1993-03-27,M,Miami,FL,33147,US,1
10206,Grata Larciere,glarciere5p@canalblog.com,1978-12-07,F,San Antonio,TX,78285,US,1
10207,Wallache Keenor,wkeenor5q@hostgator.com,1990-02-07,M,Boulder,CO,80310,US,4
10208,Alanson D'Elia,adelia5r@baidu.com,1986-02-13,M,Charlotte,NC,28230,US,1
10209,Michaeline Grabeham,mgrabeham5s@pinterest.com,1979-01-21,F,Homestead,FL,33034,US,3
10210,Thurstan Dumini,tdumini5t@so-net.ne.jp,1992-03-02,M,Richmond,VA,23220,US,3
10211,Nevil Bate,nbate5u@ameblo.jp,1974-07-10,M,Yonkers,NY,10705,US,2
10212,Rosita Zannolli,rzannolli5v@weebly.com,1983-11-15,F,Washington,DC,20268,US,2
10213,Maddy Mapp,mmapp5w@shinystat.com,1991-04-18,F,Waco,TX,76796,US,2
10214,Gibbie Reiner,greiner5x@fc2.com,1983-08-10,M,Dearborn,MI,48126,US,1
10215,Herbie De Angelis,hde5y@nature.com,1983-02-06,M,Flushing,NY,11388,US,2
10216,Tobye Vashchenko,tvashchenko5z@liveinternet.ru,1993-11-03,F,Fort Lauderdale,FL,33305,US,2
10217,Jedidiah McCracken,jmccracken60@surveymonkey.com,1987-01-01,M,Houston,TX,77212,US,1
10218,Johnathan Barribal,jbarribal61@bing.com,1974-02-20,M,San Jose,CA,95128,US,2
10219,Godfry Makinson,gmakinson62@theguardian.com,1972-03-25,M,Suffolk,VA,23436,US,3
10220,Dorris Etienne,detienne63@noaa.gov,1998-08-19,F,Long Beach,CA,90831,US,3
10221,Papagena Liff,pliff64@com.com,1996-06-17,F,Baltimore,MD,21265,US,1
10222,Darnall Simion,dsimion65@multiply.com,1998-10-21,M,San Jose,CA,95128,US,1
10223,Rem Iggalden,riggalden66@yolasite.com,1980-02-22,M,Orlando,FL,32885,US,1
10224,Chane Deary,cdeary67@salon.com,1985-08-13,M,Raleigh,NC,27621,US,1
10225,Joeann Tal,jtal68@flavors.me,1996-07-13,F,Houston,TX,77010,US,2
10226,Sherlocke Costello,scostello69@irs.gov,1993-10-25,M,Crawfordsville,IN,47937,US,1
10227,Peirce Lyes,plyes6a@usnews.com,1981-10-08,M,Johnson City,TN,37605,US,1
10228,Minne Bryning,mbryning6b@mediafire.com,1986-11-08,F,Albany,NY,12242,US,3
10229,Cami Priel,cpriel6c@bbc.co.uk,1997-11-04,F,Atlanta,GA,31190,US,1
10230,Becka Cheek,bcheek6d@blogspot.com,1970-09-30,F,New Castle,PA,16107,US,3
10231,Nessie Suff,nsuff6e@earthlink.net,1993-06-09,F,North Las Vegas,NV,89087,US,1
10232,Retha Jossel,rjossel6f@sourceforge.net,1988-08-15,F,Washington,DC,20029,US,1
10233,Bathsheba Willimott,bwillimott6g@kickstarter.com,1980-11-25,F,South Lake Tahoe,CA,96154,US,2
10234,Michelina Fedoronko,mfedoronko6h@quantcast.com,1990-03-22,F,Decatur,GA,30089,US,2
10235,Maurise Sconce,msconce6i@free.fr,1974-06-25,F,Reno,NV,89505,US,2
10236,Oralee McCalister,omccalister6j@instagram.com,1989-07-24,F,Milwaukee,WI,53234,US,2
10237,Cthrine Brabban,cbrabban6k@forbes.com,1978-09-05,F,Flint,MI,48505,US,2
10238,Travus Rudgerd,trudgerd6l@uiuc.edu,1992-02-04,M,Tacoma,WA,98424,US,2
10239,Byron Dibson,bdibson6m@census.gov,1976-09-24,M,Boise,ID,83727,US,3
10240,Bryce Bevens,bbevens6n@abc.net.au,1996-11-09,M,Sacramento,CA,95823,US,2
10241,Kiley Panting,kpanting6o@fema.gov,1999-09-19,M,Amarillo,TX,79116,US,5
10242,Beverie Reeds,breeds6p@ucoz.com,1973-09-30,F,Huntington,WV,25705,US,1
10243,Spencer Scamadine,sscamadine6q@wufoo.com,1984-09-17,M,Atlanta,GA,30351,US,2
10244,Maureen Gallone,mgallone6r@nbcnews.com,1985-08-14,F,Washington,DC,20046,US,1
10245,Patrizius Braunton,pbraunton6s@reverbnation.com,1967-12-16,M,Washington,DC,20268,US,2
10246,Martica Webber,mwebber6t@examiner.com,1978-01-16,F,Corpus Christi,TX,78470,US,2
10247,Kellina Kringe,kkringe6u@creativecommons.org,1986-01-21,F,Sioux Falls,SD,57105,US,1
10248,Marcella Di Matteo,mdi6v@vinaora.com,1993-03-03,F,Everett,WA,98206,US,5
10249,Lurette Janoschek,ljanoschek6w@canalblog.com,1986-06-17,F,Roanoke,VA,24004,US,6
10250,Hillie Holttom,hholttom6x@abc.net.au,1979-02-12,M,Bethesda,MD,20816,US,1
10251,Brandie Pedroni,bpedroni6y@archive.org,1983-03-31,F,Clearwater,FL,33763,US,2
10252,Thorstein Chantree,tchantree6z@amazon.co.jp,1981-07-08,M,Houston,TX,77299,US,2
10253,Lissa Flintuff,lflintuff70@goo.ne.jp,1976-05-17,F,Battle Creek,MI,49018,US,4
10254,Yurik Sydes,ysydes71@people.com.cn,1998-11-09,M,Charleston,SC,29411,US,1
10255,Katuscha Tague,ktague72@pcworld.com,1993-09-19,F,Chicago,IL,60686,US,4
10256,Monah Scramage,mscramage73@yandex.ru,1956-12-01,F,Mobile,AL,36622,US,1
10257,Mac Temblett,mtemblett74@networksolutions.com,1990-03-25,M,Spring,TX,77386,US,1
10258,Drake Clemont,dclemont75@tripadvisor.com,1971-09-09,M,Decatur,GA,30089,US,1
10259,Ogdan McLugish,omclugish76@pen.io,1978-03-16,M,Spring Hill,FL,34611,US,1
10260,Farr Castro,fcastro77@who.int,1993-11-17,M,San Jose,CA,95194,US,1
10261,Howey Rarity,hrarity78@admin.ch,1984-10-12,M,Inglewood,CA,90310,US,2
10262,Lowe Gatenby,lgatenby79@blogtalkradio.com,1998-04-04,M,Lakeland,FL,33805,US,2
10263,Pamella Brugman,pbrugman7a@webs.com,1985-06-13,F,Houston,TX,77065,US,5
10264,Bruis Becarra,bbecarra7b@naver.com,1975-06-10,M,El Paso,TX,79999,US,3
10265,Emalee Fitchet,efitchet7c@ovh.net,1979-05-12,F,Monticello,MN,55590,US,1
10266,Eduardo Crinion,ecrinion7d@businessinsider.com,1981-08-25,M,Houston,TX,77035,US,5
10267,Gayel McDell,gmcdell7e@hatena.ne.jp,1991-11-17,F,Topeka,KS,66606,US,2
10268,Murielle Rogez,mrogez7f@msu.edu,1986-09-14,F,San Francisco,CA,94169,US,1
10269,Henrietta Feltham,hfeltham7g@infoseek.co.jp,1999-01-21,F,New Orleans,LA,70154,US,2
10270,Agustin Grinval,agrinval7h@ebay.com,1982-11-13,M,Flushing,NY,11388,US,2
10271,Waldemar Orrock,worrock7i@japanpost.jp,1972-12-09,M,Charlotte,NC,28220,US,2
10272,Abner Lilford,alilford7j@zdnet.com,1991-05-01,M,Norwalk,CT,06859,US,1
10273,Kriste Lownds,klownds7k@accuweather.com,1973-04-05,F,Decatur,GA,30033,US,1
10274,Ingar Phipps,iphipps7l@blinklist.com,1999-07-11,M,Fort Lauderdale,FL,33315,US,5
10275,Cathlene Becker,cbecker7m@geocities.com,1973-03-18,F,Houston,TX,77299,US,1
10276,Myrwyn Eat,meat7n@nationalgeographic.com,1987-04-01,M,Miami,FL,33164,US,3
10277,Maureene Ebbrell,mebbrell7o@omniture.com,1978-12-24,F,Fort Lauderdale,FL,33330,US,3
10278,Gasparo Scotting,gscotting7p@dailymotion.com,1994-07-18,M,Wilmington,NC,28410,US,2
10279,Lennard Jarmain,ljarmain7q@theguardian.com,1986-10-18,M,Louisville,KY,40280,US,1
10280,Reinwald Kime,rkime7r@meetup.com,1984-12-04,M,Vancouver,WA,98682,US,1
10281,Chandler Coolson,ccoolson7s@ocn.ne.jp,1985-07-28,M,Louisville,KY,40215,US,2
10282,Maje Vasilmanov,mvasilmanov7t@is.gd,1994-12-05,M,Huntington Beach,CA,92648,US,2
10283,Carlin McRae,cmcrae7u@woothemes.com,1989-04-11,M,Gilbert,AZ,85297,US,2
10284,Joseito Turbern,jturbern7v@liveinternet.ru,1991-09-09,M,Cleveland,OH,44191,US,1
10285,Chelsy Masey,cmasey7w@4shared.com,1980-11-13,F,Spartanburg,SC,29305,US,1
10286,Guendolen Petrou,gpetrou7x@blogtalkradio.com,1992-05-19,F,San Antonio,TX,78245,US,1
10287,My Grabham,mgrabham7y@dailymotion.com,1988-02-20,M,Washington,DC,20591,US,2
10288,Drugi Edginton,dedginton7z@jiathis.com,1987-02-26,M,Anchorage,AK,99599,US,5
10289,Rodge Toderi,rtoderi80@archive.org,1995-05-07,M,Cincinnati,OH,45218,US,1
10290,Phebe Beceril,pbeceril81@prweb.com,1975-08-28,F,Arlington,TX,76004,US,2
10291,Sanson Zotto,szotto82@mayoclinic.com,1977-06-13,M,Hartford,CT,06120,US,2
10292,Lebbie Connew,lconnew83@alexa.com,1986-12-30,F,Washington,DC,20551,US,5
10293,Denys Dykas,ddykas84@yahoo.co.jp,1976-07-19,F,Vancouver,WA,98664,US,2
10294,Cheslie Josilowski,cjosilowski85@sakura.ne.jp,1968-11-07,F,Washington,DC,20420,US,1
10295,Kailey Shackleton,kshackleton86@hc360.com,1973-12-10,F,Austin,TX,78769,US,1
10296,Dulsea Godden,dgodden87@printfriendly.com,1985-11-11,F,Littleton,CO,80161,US,2
10297,Neale Tommasi,ntommasi88@ebay.co.uk,1986-12-20,M,Honolulu,HI,96805,US,3
10298,Quinta Bastide,qbastide89@nydailynews.com,1985-11-03,F,Santa Ana,CA,92725,US,4
10299,Laura Patise,lpatise8a@dmoz.org,1991-01-17,F,Winston Salem,NC,27110,US,1
10300,Chrissy Hyde,chyde8b@is.gd,1995-01-09,M,Minneapolis,MN,55407,US,2
10301,Drew Dumberell,ddumberell8c@creativecommons.org,1981-09-13,M,Washington,DC,20062,US,3
10302,Noelani Fairlam,nfairlam8d@istockphoto.com,1995-09-16,F,Shawnee Mission,KS,66215,US,1
10303,Dale Curry,dcurry8e@nps.gov,1992-06-06,F,Wilmington,DE,19810,US,1
10304,Suzi Muat,smuat8f@t-online.de,1981-12-11,F,Baltimore,MD,21281,US,1
10305,Zolly Heilds,zheilds8g@house.gov,1997-06-15,M,Austin,TX,78726,US,2
10306,Maureen Glossup,mglossup8h@sciencedirect.com,1980-08-05,F,Florence,SC,29505,US,2
10307,Hy Wilks,hwilks8i@slate.com,1975-02-26,M,Boise,ID,83705,US,1
10308,Troy Beardwell,tbeardwell8j@ebay.com,1961-05-26,M,Rockville,MD,20851,US,1
10309,Drucie Woodings,dwoodings8k@dell.com,1987-10-06,F,Cincinnati,OH,45208,US,1
10310,Aimil Soldner,asoldner8l@theguardian.com,1989-10-04,F,Jacksonville,FL,32220,US,2
10311,Amandi Baddeley,abaddeley8m@msu.edu,1983-04-29,F,Yonkers,NY,10705,US,2
10312,Burty Oguz,boguz8n@cbslocal.com,1986-05-21,M,New Bedford,MA,02745,US,1
10313,Rube Stranieri,rstranieri8o@sciencedaily.com,1972-08-01,M,Norfolk,VA,23514,US,1
10314,Crysta Stean,cstean8p@marriott.com,1977-11-06,F,Lincoln,NE,68510,US,1
10315,Carmel Treneman,ctreneman8q@discovery.com,1972-02-14,F,Rockville,MD,20851,US,1
10316,Xenos Bradick,xbradick8r@ning.com,1990-03-24,M,Mobile,AL,36605,US,1
10317,Gaby Riddick,griddick8s@jugem.jp,1976-02-03,F,Fort Lauderdale,FL,33310,US,1
10318,Elenore Willbond,ewillbond8t@exblog.jp,1990-05-11,F,Flint,MI,48505,US,4
10319,Issy Rawson,irawson8u@goo.ne.jp,1986-04-13,F,Detroit,MI,48206,US,2
10320,Gayler Erridge,gerridge8v@privacy.gov.au,1974-03-30,M,Kingsport,TN,37665,US,1
10321,Camala Loan,cloan8w@engadget.com,1978-12-20,F,Burbank,CA,91505,US,4
10322,Nevins Roll,nroll8x@about.com,1976-08-08,M,Washington,DC,20078,US,2
10323,Dasie Nicholson,dnicholson8y@who.int,1984-06-03,F,Washington,DC,20530,US,1
10324,Charmain Jenkins,cjenkins8z@cocolog-nifty.com,1989-03-15,F,York,PA,17405,US,1
10325,Stella Bisco,sbisco90@istockphoto.com,1991-04-11,F,Fort Worth,TX,76115,US,1
10326,Deni Cruickshanks,dcruickshanks91@dropbox.com,1981-02-22,F,Cumming,GA,30130,US,1
10327,Finn Lesley,flesley92@mac.com,1999-03-29,M,Davenport,IA,52809,US,1
10328,Barry Gyford,bgyford93@redcross.org,1986-01-27,F,New Orleans,LA,70179,US,2
10329,Lani Jefford,ljefford94@japanpost.jp,1987-08-29,F,Petaluma,CA,94975,US,2
10330,Pepillo Lindbergh,plindbergh95@smh.com.au,1980-08-31,M,Lexington,KY,40576,US,4
10331,Court Christie,cchristie96@nydailynews.com,1993-04-02,M,Fresno,CA,93773,US,2
10332,Marian Wibrew,mwibrew97@webs.com,1979-03-10,F,Sterling,VA,20167,US,5
10333,Ikey Abbati,iabbati98@bbc.co.uk,1999-07-29,M,Colorado Springs,CO,80930,US,1
10334,Brooks Barkaway,bbarkaway99@topsy.com,1975-08-05,F,Ocala,FL,34479,US,1
10335,Normand Van der Kruijs,nvan9a@netvibes.com,1998-07-30,M,Dulles,VA,20189,US,1
10336,Brittne Mc Ilwrick,bmc9b@51.la,1993-10-16,F,Davenport,IA,52809,US,9
10337,Devon Latour,dlatour9c@jugem.jp,1987-08-03,F,Charlotte,NC,28230,US,1
10338,Jackson Pahler,jpahler9d@bigcartel.com,1991-08-31,M,Harrisburg,PA,17110,US,1
10339,Thorvald Jaycock,tjaycock9e@over-blog.com,1996-05-14,M,Des Moines,IA,50393,US,2
10340,Dunc Gossage,dgossage9f@senate.gov,1975-02-25,M,Newark,DE,19725,US,1
10341,Mattheus Littler,mlittler9g@yandex.ru,1982-06-07,M,Fort Smith,AR,72905,US,1
10342,Juliane McGinly,jmcginly9h@ox.ac.uk,1991-09-01,F,Spokane,WA,99260,US,2
10343,Kippie Wholesworth,kwholesworth9i@who.int,1976-02-14,M,Houston,TX,77005,US,3
10344,Sinclair Lacase,slacase9j@whitehouse.gov,1992-10-30,M,Austin,TX,78778,US,1
10345,Jeffie Basten,jbasten9k@sphinn.com,1973-09-12,M,Lancaster,PA,17622,US,1
10346,Granger Alu,galu9l@behance.net,1999-08-26,M,Los Angeles,CA,90015,US,2
10347,Korie Barker,kbarker9m@princeton.edu,1986-09-09,F,Anchorage,AK,99512,US,1
10348,Ruthann Arkin,rarkin9n@scientificamerican.com,1980-01-22,F,Santa Barbara,CA,93150,US,2
10349,Sigismundo Hedge,shedge9o@mtv.com,1986-09-07,M,San Francisco,CA,94169,US,2
10350,Marcia Brakespear,mbrakespear9p@usa.gov,1987-08-13,F,Chicago,IL,60609,US,1
10351,Emmy Yellop,eyellop9q@weebly.com,1998-06-16,F,Huntington,WV,25709,US,1
10352,Dell Lawn,dlawn9r@wiley.com,1984-03-18,M,Riverside,CA,92505,US,1
10353,Lemuel Connolly,lconnolly9s@histats.com,1995-02-27,M,Fort Lauderdale,FL,33310,US,4
10354,Kennett Allman,kallman9t@google.it,1996-02-06,M,Saint Petersburg,FL,33715,US,1
10355,Lev Linny,llinny9u@gnu.org,1977-05-23,M,New York City,NY,10292,US,1
10356,Aubrette Tomkiss,atomkiss9v@blogspot.com,1994-01-26,F,Cincinnati,OH,45264,US,2
10357,Sigrid McAless,smcaless9w@jugem.jp,1970-10-27,F,Chattanooga,TN,37410,US,1
10358,Patric Jeskins,pjeskins9x@techcrunch.com,1983-08-09,M,Rochester,NY,14652,US,1
10359,Inness Linney,ilinney9y@purevolume.com,1974-04-19,M,East Saint Louis,IL,62205,US,5
10360,Lloyd Merman,lmerman9z@vistaprint.com,1977-04-30,M,Fort Myers,FL,33994,US,1
10361,Andres Lancaster,alancastera0@themeforest.net,1978-10-11,M,Omaha,NE,68179,US,1
10362,Elisabeth Hulburt,ehulburta1@xing.com,1969-10-14,F,Chicago,IL,60686,US,1
10363,Anstice Feeham,afeehama2@merriam-webster.com,1984-11-21,F,Cincinnati,OH,45999,US,1
10364,Robert Livezey,rlivezeya3@sun.com,1981-08-13,M,Newark,DE,19725,US,2
10365,Dominique Toffolini,dtoffolinia4@fastcompany.com,1986-01-17,F,Wilmington,NC,28405,US,1
10366,Lewiss Van Dijk,lvana5@imdb.com,1994-07-28,M,Washington,DC,20051,US,3
10367,Tybalt Draper,tdrapera6@globo.com,1980-12-14,M,Huntington,WV,25770,US,1
10368,Waldo Toffano,wtoffanoa7@cornell.edu,1985-11-15,M,New York City,NY,10029,US,2
10369,Darcy Coursor,dcoursora8@umn.edu,1968-02-29,M,Aurora,IL,60505,US,1
10370,Estevan Morad,emorada9@wired.com,1998-02-17,M,New York City,NY,10203,US,3
10371,Prudi Andrini,pandriniaa@geocities.jp,1975-11-12,F,Washington,DC,20244,US,4
10372,Farris De Hooge,fdeab@moonfruit.com,1997-06-20,M,Tucson,AZ,85710,US,1
10373,Leonhard Burchfield,lburchfieldac@huffingtonpost.com,1979-10-31,M,Akron,OH,44393,US,5
10374,Kevan Clayton,kclaytonad@rakuten.co.jp,1976-08-10,M,Tulsa,OK,74149,US,2
10375,Dannie Fluck,dfluckae@mit.edu,1988-07-15,F,Charleston,WV,25326,US,4
10376,Ignace Dillingstone,idillingstoneaf@twitter.com,1976-12-17,M,Lexington,KY,40505,US,2
10377,Rosalynd Corneljes,rcorneljesag@cargocollective.com,1992-06-12,F,Glendale,AZ,85305,US,1
10378,Sid Hiom,shiomah@etsy.com,1978-08-26,M,Washington,DC,56944,US,3
10379,Avery Campkin,acampkinai@topsy.com,1991-11-02,M,Elizabeth,NJ,07208,US,2
10380,Thatch Klaves,tklavesaj@lulu.com,1992-02-03,M,Bonita Springs,FL,34135,US,3
10381,Fletch Forsyde,fforsydeak@princeton.edu,1977-08-26,M,Yonkers,NY,10705,US,1
10382,Upton Trowle,utrowleal@so-net.ne.jp,1992-10-21,M,Buffalo,NY,14215,US,1
10383,Sam Liffey,sliffeyam@mail.ru,1994-04-24,M,Oklahoma City,OK,73119,US,2
10384,Westley Redgewell,wredgewellan@google.es,1974-01-26,M,Kansas City,MO,64160,US,1
10385,Simona Kingerby,skingerbyao@netscape.com,1976-01-19,F,Glendale,AZ,85311,US,1
10386,Dolorita Corringham,dcorringhamap@time.com,1987-12-01,F,Seattle,WA,98109,US,1
10387,Bent Cowdrey,bcowdreyaq@desdev.cn,1987-01-05,M,Bloomington,IL,61709,US,4
10388,Melonie Hadfield,mhadfieldar@t-online.de,1983-07-18,F,Santa Ana,CA,92725,US,2
10389,Sonnnie Hyatt,shyattas@xinhuanet.com,1995-01-06,F,Saint Louis,MO,63131,US,1
10390,Gerhardine Salman,gsalmanat@state.gov,1974-11-03,F,Sacramento,CA,94207,US,1
10391,Barclay Renhard,brenhardau@phpbb.com,1993-03-18,M,Orlando,FL,32803,US,6
10392,My Grimm,mgrimmav@storify.com,1992-07-09,M,Abilene,TX,79699,US,1
10393,Kane Gow,kgowaw@princeton.edu,1978-07-22,M,Knoxville,TN,37931,US,1
10394,Bartlet Brunn,bbrunnax@t.co,1971-05-31,M,Norwalk,CT,06854,US,2
10395,Brande Mowson,bmowsonay@twitter.com,1982-03-18,F,Oklahoma City,OK,73147,US,2
10396,Eleanore Panks,epanksaz@dyndns.org,1977-09-26,F,Dallas,TX,75277,US,3
10397,Lynnell Sargood,lsargoodb0@dailymail.co.uk,1976-12-21,F,Fort Myers,FL,33994,US,3
10398,Francesca Duckitt,fduckittb1@w3.org,1979-06-04,F,Tucson,AZ,85737,US,1
10399,Joleen Vaulkhard,jvaulkhardb2@webmd.com,1977-01-29,F,Richmond,VA,23237,US,4
10400,Sally Clymer,sclymerb3@hexun.com,1994-02-11,F,San Jose,CA,95150,US,3
10401,Byrom Dawson,bdawsonb4@mit.edu,1978-10-19,M,Des Moines,IA,50305,US,1
10402,Maryjo Swain,mswainb5@sfgate.com,1985-08-05,F,Saint Louis,MO,63136,US,1
10403,Payton Allchin,pallchinb6@flickr.com,1979-01-23,M,Birmingham,AL,35210,US,1
10404,Bryanty Garr,bgarrb7@fc2.com,1981-07-18,M,Norwalk,CT,06854,US,2
10405,Raynard Crowdace,rcrowdaceb8@seesaa.net,1973-12-10,M,Washington,DC,20420,US,4
10406,Linoel Olenin,loleninb9@time.com,1986-11-30,M,Vancouver,WA,98687,US,1
10407,Myrle Ramsdell,mramsdellba@domainmarket.com,1993-03-20,F,Houston,TX,77065,US,5
10408,Sven Arp,sarpbb@etsy.com,1982-07-09,M,Hollywood,FL,33028,US,1
10409,Raynard Kalvin,rkalvinbc@yellowpages.com,1996-12-06,M,San Francisco,CA,94177,US,3
10410,Hazel MacAfee,hmacafeebd@amazon.co.jp,1988-10-07,M,Columbia,MO,65218,US,1
10411,Mordecai Crumb,mcrumbbe@github.com,1975-03-28,M,Los Angeles,CA,90035,US,1
10412,Thomasina Beardshaw,tbeardshawbf@phpbb.com,1994-09-17,F,Texarkana,TX,75507,US,1
10413,Suzette Devonald,sdevonaldbg@wix.com,1993-11-07,F,Jefferson City,MO,65105,US,1
10414,Riannon Orris,rorrisbh@github.com,1978-03-01,F,Saint Louis,MO,63116,US,4
10415,Amalee Emsden,aemsdenbi@mac.com,1981-03-28,F,Detroit,MI,48224,US,5
10416,Evelyn Turbefield,eturbefieldbj@edublogs.org,1969-08-03,M,North Hollywood,CA,91606,US,1
10417,Reggis MacGlory,rmacglorybk@irs.gov,1995-12-16,M,Arlington,VA,22225,US,6
10418,Mirella Eslemont,meslemontbl@multiply.com,1992-10-31,F,Des Moines,IA,50335,US,6
10419,Sheba Balk,sbalkbm@qq.com,1981-05-28,F,New York City,NY,10060,US,1
10420,Web Kondrachenko,wkondrachenkobn@opera.com,1984-08-15,M,Reno,NV,89510,US,2
10421,Laverne Eborn,lebornbo@unicef.org,1980-01-22,F,Redwood City,CA,94064,US,1
10422,Kariotta McCourt,kmccourtbp@redcross.org,1994-06-26,F,New Orleans,LA,70165,US,1
10423,Spencer Castiello,scastiellobq@home.pl,1989-07-05,M,New York City,NY,10203,US,3
10424,Briny Maplestone,bmaplestonebr@irs.gov,1997-11-24,F,Morgantown,WV,26505,US,2
10425,Micky Clayden,mclaydenbs@creativecommons.org,1995-07-18,M,Las Vegas,NV,89155,US,3
10426,Brent Arrow,barrowbt@wikia.com,1993-07-25,M,New York City,NY,10110,US,1
10427,Kathye Halle,khallebu@uol.com.br,1981-02-16,F,Salt Lake City,UT,84120,US,7
10428,Ediva Cossans,ecossansbv@livejournal.com,1978-05-02,F,Little Rock,AR,72215,US,2
10429,Rosalinda Fawltey,rfawlteybw@msn.com,1989-05-21,F,Columbus,OH,43215,US,5
10430,Cobbie Mantha,cmanthabx@amazon.com,1997-05-20,M,Saint Paul,MN,55108,US,1
10431,Mellisa Willeson,mwillesonby@uiuc.edu,1972-09-13,F,Richmond,VA,23272,US,1
10432,Christian Coghlin,ccoghlinbz@toplist.cz,1980-03-13,F,New York City,NY,10184,US,1
10433,Mirelle Noteyoung,mnoteyoungc0@free.fr,1999-06-09,F,Washington,DC,20470,US,2
10434,Loraine Matzel,lmatzelc1@symantec.com,1991-09-23,F,Chicago,IL,60619,US,6
10435,Hyacintha Cessford,hcessfordc2@gov.uk,1979-12-05,F,Los Angeles,CA,90015,US,1
10436,Cheri Abbotts,cabbottsc3@liveinternet.ru,1973-07-13,F,Tulsa,OK,74193,US,1
10437,Roley Clarridge,rclarridgec4@freewebs.com,1999-03-09,M,Kansas City,MO,64193,US,2
10438,Flore Doneld,fdoneldc5@ucoz.com,1982-09-12,F,Waterloo,IA,50706,US,2
10439,Elita Gives,egivesc6@netscape.com,1984-08-23,F,Tuscaloosa,AL,35487,US,2
10440,Kareem Jakubiak,kjakubiakc7@csmonitor.com,1971-03-01,M,El Paso,TX,88525,US,4
10441,Ricard Jewkes,rjewkesc8@cloudflare.com,1994-11-30,M,Evanston,IL,60208,US,1
10442,Addia Randles,arandlesc9@cbc.ca,1986-06-05,F,Augusta,GA,30905,US,3
10443,Mickie Tuddenham,mtuddenhamca@discuz.net,1990-11-14,F,Tallahassee,FL,32309,US,1
10444,Dallas Paulmann,dpaulmanncb@github.com,1968-10-29,F,College Station,TX,77844,US,1
10445,Rutledge Giottini,rgiottinicc@cdc.gov,1994-09-27,M,Springfield,MO,65898,US,5
10446,Vanya Follin,vfollincd@photobucket.com,1999-07-26,F,London,KY,40745,US,2
10447,Tyrone Connochie,tconnochiece@istockphoto.com,1998-12-07,M,Shawnee Mission,KS,66220,US,1
10448,Millisent McIllroy,mmcillroycf@comsenz.com,1988-05-05,F,Denver,CO,80204,US,1
10449,L;urette Barnhart,lbarnhartcg@sun.com,1994-01-15,F,Albuquerque,NM,87180,US,2
10450,Cal Grunnell,cgrunnellch@rakuten.co.jp,1975-03-28,M,Omaha,NE,68144,US,1
10451,Regan Strutz,rstrutzci@prweb.com,1990-08-03,M,Savannah,GA,31410,US,1
10452,Griff Gristock,ggristockcj@rediff.com,1987-10-09,M,Salt Lake City,UT,84189,US,1
10453,Martino Cirlos,mcirlosck@bing.com,1993-10-09,M,Naperville,IL,60567,US,1
10454,Gilligan Rothwell,grothwellcl@cdc.gov,1986-02-05,F,Bronx,NY,10459,US,3
10455,Jania Trillo,jtrillocm@whitehouse.gov,1976-04-01,F,Peoria,AZ,85383,US,1
10456,Amargo Prestage,aprestagecn@blogs.com,1977-05-02,F,Midland,MI,48670,US,1
10457,Estrella Wildblood,ewildbloodco@nymag.com,1969-11-10,F,Billings,MT,59105,US,2
10458,Ted Grogan,tgrogancp@goo.ne.jp,1981-06-13,F,Anchorage,AK,99507,US,1
10459,Worden Gethouse,wgethousecq@nba.com,1996-01-03,M,Virginia Beach,VA,23464,US,1
10460,Baron Roblou,brobloucr@acquirethisname.com,1984-02-02,M,Garden Grove,CA,92844,US,3
10461,Virgil Chatt,vchattcs@nationalgeographic.com,1981-03-05,M,Hartford,CT,06152,US,3
10462,Klarika Digle,kdiglect@wordpress.com,1985-09-02,F,Fort Myers,FL,33913,US,1
10463,Marquita Aird,mairdcu@ameblo.jp,1993-12-21,F,Little Rock,AR,72204,US,2
10464,Latia Maddick,lmaddickcv@whitehouse.gov,1981-03-01,F,Newark,NJ,07195,US,1
10465,Caleb Walder,cwaldercw@miitbeian.gov.cn,1989-11-29,M,New Orleans,LA,70149,US,1
10466,Garland Langer,glangercx@chron.com,1991-05-01,F,Paterson,NJ,07522,US,3
10467,Wanids Toulson,wtoulsoncy@sbwire.com,1978-09-21,F,Tacoma,WA,98405,US,1
10468,Heidi Olyfant,holyfantcz@mlb.com,1988-03-27,F,Stamford,CT,06912,US,1
10469,Claudia Steuhlmeyer,csteuhlmeyerd0@wsj.com,1976-12-22,F,Arlington,TX,76016,US,1
10470,Inesita O'Cassidy,iocassidyd1@washington.edu,1978-02-05,F,Meridian,MS,39305,US,1
10471,Torrey Lamball,tlamballd2@barnesandnoble.com,1993-12-27,M,Philadelphia,PA,19191,US,2
10472,Ingelbert Villa,ivillad3@huffingtonpost.com,1989-11-10,M,San Jose,CA,95108,US,2
10473,Valencia Sawyer,vsawyerd4@weebly.com,1961-07-13,F,Mountain View,CA,94042,US,1
10474,Shirl Lambol,slambold5@usnews.com,1987-02-01,F,Roanoke,VA,24014,US,2
10475,Rik Pithcock,rpithcockd6@php.net,1995-07-08,M,Lexington,KY,40591,US,2
10476,Victoria Frazer,vfrazerd7@usda.gov,1963-04-09,F,Houston,TX,77218,US,1
10477,Carri Keaveney,ckeaveneyd8@tinyurl.com,1998-06-19,F,Cincinnati,OH,45228,US,1
10478,Gian Menguy,gmenguyd9@uiuc.edu,1974-09-10,M,Bowie,MD,20719,US,4
10479,Jackie Pollen,jpollenda@psu.edu,1991-08-30,F,Miami,FL,33134,US,1
10480,Caryl Ivanchin,civanchindb@census.gov,1993-08-19,M,Oxnard,CA,93034,US,2
10481,Brent Flisher,bflisherdc@arstechnica.com,1981-04-13,M,Virginia Beach,VA,23464,US,1
10482,Gan Fulun,gfulundd@wordpress.com,1998-03-01,M,Juneau,AK,99812,US,2
10483,Collie Goves,cgovesde@usgs.gov,1998-05-21,F,West Palm Beach,FL,33411,US,5
10484,Barton Foakes,bfoakesdf@g.co,1999-04-10,M,Dallas,TX,75323,US,1
10485,Nani Blinckhorne,nblinckhornedg@oracle.com,1996-07-13,F,Charlottesville,VA,22908,US,3
10486,Fancy Beard,fbearddh@nbcnews.com,1989-12-19,F,Pasadena,CA,91103,US,1
10487,Ceil Hrycek,chrycekdi@cornell.edu,1986-12-23,F,Cincinnati,OH,45249,US,3
10488,Claire Howsley,chowsleydj@noaa.gov,1981-05-24,M,Hartford,CT,06183,US,3
10489,Janaya Axtens,jaxtensdk@google.fr,1995-06-22,F,Berkeley,CA,94705,US,2
10490,Philly Ollier,pollierdl@tamu.edu,1987-01-27,F,Madison,WI,53705,US,3
10491,Laural Gretton,lgrettondm@histats.com,1977-02-08,F,Macon,GA,31296,US,1
10492,Nicol Edgin,nedgindn@ycombinator.com,1962-02-14,M,Gary,IN,46406,US,1
10493,Oralee Logsdail,ologsdaildo@unc.edu,1984-09-06,F,Salt Lake City,UT,84130,US,2
10494,Teodora MacSharry,tmacsharrydp@weebly.com,1983-03-16,F,Whittier,CA,90605,US,2
10495,Freddy Errichiello,ferrichiellodq@desdev.cn,1977-02-24,M,Albuquerque,NM,87180,US,1
10496,Farrell Adamides,fadamidesdr@about.me,1985-06-27,M,Cincinnati,OH,45238,US,3
10497,Vinny Whittington,vwhittingtonds@zdnet.com,1980-07-23,F,Indianapolis,IN,46247,US,2
10498,Kira Braunton,kbrauntondt@netlog.com,1988-02-17,F,Frederick,MD,21705,US,4
10499,Archibald Beavon,abeavondu@vinaora.com,1994-09-16,M,Saint Louis,MO,63110,US,1
10500,Elvina Garroway,egarrowaydv@china.com.cn,1972-08-22,F,Arlington,VA,22244,US,2
10501,Constantino Petruszka,cpetruszkadw@bloglovin.com,1986-04-19,M,Arlington,TX,76096,US,1
10502,Ruth Dullingham,rdullinghamdx@arstechnica.com,1997-07-14,F,Baton Rouge,LA,70826,US,4
10503,Naomi Tapper,ntapperdy@fda.gov,1982-06-23,F,Stockton,CA,95205,US,4
10504,Othilie Tieman,otiemandz@sciencedaily.com,1971-07-10,F,Dallas,TX,75397,US,3
10505,Baudoin Witz,bwitze0@wikimedia.org,1988-06-22,M,White Plains,NY,10606,US,2
10506,Antoinette Mensler,amenslere1@symantec.com,1998-02-11,F,Mc Keesport,PA,15134,US,1
10507,Nettie Tredwell,ntredwelle2@youtu.be,1989-05-17,F,East Saint Louis,IL,62205,US,2
10508,Myrtia Wilfinger,mwilfingere3@telegraph.co.uk,1994-10-20,F,Boston,MA,02298,US,1
10509,Sadella Lefever,slefevere4@desdev.cn,1979-05-08,F,Oklahoma City,OK,73167,US,2
10510,Gwyneth Dowdall,gdowdalle5@bloomberg.com,1975-09-26,F,Bronx,NY,10454,US,3
10511,Fedora Riggey,friggeye6@usnews.com,1995-11-29,F,Waterbury,CT,06721,US,1
10512,Penrod Kubczak,pkubczake7@lycos.com,1993-08-27,M,Pittsburgh,PA,15250,US,1
10513,Archibald Doogue,adooguee8@360.cn,1973-11-21,M,Kansas City,MO,64136,US,1
10514,Rabi Tybalt,rtybalte9@amazon.com,1996-07-17,M,Knoxville,TN,37995,US,1
10515,Jackson Phillipson,jphillipsonea@google.com.au,1983-09-17,M,Fort Wayne,IN,46857,US,1
10516,Ranee Likly,rliklyeb@github.io,1989-09-20,F,New Orleans,LA,70142,US,1
10517,Erin Mutter,emutterec@flavors.me,1985-06-05,M,Clearwater,FL,34629,US,2
10518,Ezra Shirer,eshirered@360.cn,1975-05-09,M,Herndon,VA,22070,US,1
10519,Robb Lightman,rlightmanee@simplemachines.org,1972-03-24,M,Los Angeles,CA,90094,US,2
10520,Minor Kellen,mkellenef@amazonaws.com,1991-02-06,M,Houston,TX,77288,US,1
10521,Harlan O'Lehane,holehaneeg@hao123.com,1978-09-30,M,Sacramento,CA,95838,US,1
10522,Sophey Riccelli,sriccellieh@craigslist.org,1997-11-15,F,Dallas,TX,75397,US,3
10523,Patton Ducroe,pducroeei@themeforest.net,1988-01-12,M,El Paso,TX,79989,US,2
10524,Ferdy Orhtmann,forhtmannej@apache.org,1991-01-22,M,Orange,CA,92862,US,2
10525,Candice Bumpus,cbumpusek@uol.com.br,1992-02-28,F,Denver,CO,80270,US,1
10526,Brant Chaves,bchavesel@chron.com,1989-08-23,M,Sacramento,CA,95865,US,4
10527,Agustin Deards,adeardsem@taobao.com,1974-09-17,M,Orlando,FL,32830,US,1
10528,Karlis Limrick,klimricken@sbwire.com,1979-06-11,M,Shreveport,LA,71137,US,1
10529,Olag Rozenzweig,orozenzweigeo@usnews.com,1982-12-04,M,Philadelphia,PA,19115,US,1
10530,Cherish Shenton,cshentonep@reddit.com,1990-01-28,F,Phoenix,AZ,85035,US,1
10531,Austina Bagster,abagstereq@un.org,1987-10-30,F,El Paso,TX,79977,US,1
10532,Kriste Joney,kjoneyer@meetup.com,1978-12-25,F,Phoenix,AZ,85010,US,2
10533,Nels Swetenham,nswetenhames@smugmug.com,1970-10-19,M,Sacramento,CA,94230,US,5
10534,Oran Retallick,oretallicket@ftc.gov,1998-04-28,M,Denton,TX,76205,US,3
10535,Hermon Bakster,hbakstereu@alibaba.com,1978-12-03,M,Stockton,CA,95298,US,3
10536,Jamil Stut,jstutev@microsoft.com,1977-04-11,M,Philadelphia,PA,19125,US,1
10537,Bobbye Dean,bdeanew@timesonline.co.uk,1990-09-06,F,Wichita,KS,67220,US,2
10538,Lulita Sprosson,lsprossonex@dagondesign.com,1986-07-01,F,Charlotte,NC,28210,US,2
10539,Brittany Ritson,britsoney@wikimedia.org,1982-10-06,F,Washington,DC,20260,US,1
10540,Joanna Tomkin,jtomkinez@ucla.edu,1980-08-01,F,Houston,TX,77090,US,1
10541,Kordula Marchelli,kmarchellif0@mapquest.com,1990-09-08,F,Fort Worth,TX,76115,US,1
10542,Milty Itscowics,mitscowicsf1@psu.edu,1987-08-11,M,Brooklyn,NY,11236,US,2
10543,Tobiah Malcolm,tmalcolmf2@liveinternet.ru,1995-09-11,M,Lafayette,LA,70593,US,1
10544,Calvin Sweedland,csweedlandf3@is.gd,1978-01-05,M,Lake Worth,FL,33467,US,1
10545,Robert Patel,rpatelf4@eepurl.com,1998-03-03,M,Sacramento,CA,95865,US,2
10546,Kaitlynn Tocque,ktocquef5@tripod.com,1993-10-05,F,Phoenix,AZ,85005,US,1
10547,Maggee Bendin,mbendinf6@usnews.com,1985-05-31,F,Honolulu,HI,96840,US,2
10548,Rourke McLauchlin,rmclauchlinf7@opensource.org,1960-06-02,M,Shawnee Mission,KS,66276,US,1
10549,Ann Dooly,adoolyf8@boston.com,1993-03-19,F,Boise,ID,83732,US,1
10550,Con Petschel,cpetschelf9@indiatimes.com,1984-10-14,M,Austin,TX,78754,US,3
10551,Joyann Calleja,jcallejafa@a8.net,1977-03-01,F,South Bend,IN,46620,US,1
10552,Karlotta Braime,kbraimefb@stanford.edu,1996-12-31,F,Boston,MA,02104,US,3
10553,Stephen Gallgher,sgallgherfc@businessweek.com,1988-07-14,M,New York City,NY,10039,US,4
10554,Dominik Snawdon,dsnawdonfd@netlog.com,1978-01-07,M,Louisville,KY,40215,US,4
10555,Tomi Vicary,tvicaryfe@addthis.com,1993-07-16,F,Memphis,TN,38114,US,1
10556,Guido Laxe,glaxeff@washingtonpost.com,1984-10-11,M,Philadelphia,PA,19136,US,1
10557,Leisha Hawkslee,lhawksleefg@behance.net,1987-12-15,F,Kansas City,MO,64149,US,7
10558,Zonda Wittman,zwittmanfh@mac.com,1992-12-27,F,Fort Wayne,IN,46805,US,1
10559,Gabbi Durbridge,gdurbridgefi@thetimes.co.uk,1985-11-21,F,Saint Petersburg,FL,33731,US,2
10560,Elston Nore,enorefj@google.nl,1995-10-07,M,Bakersfield,CA,93381,US,1
10561,Cece Crosson,ccrossonfk@themeforest.net,1987-12-05,M,Salt Lake City,UT,84135,US,6
10562,Keely Charteris,kcharterisfl@51.la,1978-01-12,F,Kansas City,MO,64125,US,2
10563,Bald Livock,blivockfm@wisc.edu,1980-10-29,M,Sacramento,CA,94250,US,5
10564,Patrica Denson,pdensonfn@imgur.com,1969-08-11,F,Pittsburgh,PA,15240,US,3
10565,Cece Davidai,cdavidaifo@spiegel.de,1985-04-30,M,Houston,TX,77005,US,2
10566,Ron Ashbee,rashbeefp@simplemachines.org,1990-04-15,M,Albany,NY,12255,US,2
10567,Patric Rapkins,prapkinsfq@google.cn,1980-03-09,M,Fort Lauderdale,FL,33336,US,4
10568,Ulla MacRorie,umacroriefr@booking.com,1994-04-06,F,Milwaukee,WI,53277,US,1
10569,Calv Oliver-Paull,coliverpaullfs@imgur.com,1980-01-02,M,Reno,NV,89519,US,1
10570,Tamarra Hearson,thearsonft@nationalgeographic.com,1976-03-05,F,Rochester,NY,14639,US,2
10571,Neron Cowling,ncowlingfu@latimes.com,1990-07-23,M,San Antonio,TX,78285,US,1
10572,Frannie Gauvin,fgauvinfv@dedecms.com,1990-06-26,F,Kingsport,TN,37665,US,1
10573,Antonella Custy,acustyfw@mlb.com,1992-12-09,F,Seminole,FL,34642,US,2
10574,Kimble Derr,kderrfx@phoca.cz,1959-04-10,M,Aurora,CO,80044,US,1
10575,Maryl Hartigan,mhartiganfy@un.org,1983-08-29,F,Springfield,MA,01152,US,1
10576,Tricia Severns,tsevernsfz@facebook.com,1989-01-28,F,Youngstown,OH,44555,US,2
10577,Barry Nano,bnanog0@canalblog.com,1979-10-04,M,Dallas,TX,75367,US,1
10578,Marc Scawn,mscawng1@baidu.com,1989-09-24,M,Anchorage,AK,99512,US,1
10579,Susi Gabits,sgabitsg2@angelfire.com,1976-03-30,F,Dallas,TX,75251,US,2
10580,Tallou Yantsev,tyantsevg3@wix.com,1962-09-03,F,Winston Salem,NC,27110,US,1
10581,Avigdor Lowthian,alowthiang4@fda.gov,1982-03-13,M,Aurora,CO,80015,US,2
10582,Kattie Nethercott,knethercottg5@printfriendly.com,1974-09-30,F,Indianapolis,IN,46202,US,1
10583,Darwin Dahmke,ddahmkeg6@sourceforge.net,1990-02-01,M,Salt Lake City,UT,84135,US,1
10584,Darlleen Aitkenhead,daitkenheadg7@uol.com.br,1982-05-07,F,South Bend,IN,46620,US,2
10585,Roslyn Peto,rpetog8@independent.co.uk,1984-04-24,F,Lansing,MI,48930,US,2
10586,Barbie Keese,bkeeseg9@goo.ne.jp,1991-11-06,F,Henderson,NV,89074,US,1
10587,Gretel Philippart,gphilippartga@stumbleupon.com,1978-01-17,F,Shawnee Mission,KS,66220,US,5
10588,Alecia Conville,aconvillegb@stanford.edu,1990-02-08,F,Norfolk,VA,23504,US,1
10589,Lilah Cuel,lcuelgc@blog.com,1977-02-17,F,Phoenix,AZ,85099,US,3
10590,Vicky Tuminini,vtumininigd@fastcompany.com,1979-07-26,F,Winston Salem,NC,27116,US,1
10591,Emelina Landor,elandorge@cnn.com,1995-11-11,F,Baton Rouge,LA,70883,US,3
10592,Aretha Morgans,amorgansgf@bizjournals.com,1976-08-17,F,Des Moines,IA,50347,US,1
10593,Marti Crosscombe,mcrosscombegg@mozilla.com,1976-07-06,F,Salem,OR,97312,US,9
10594,Hakim Nelhams,hnelhamsgh@nyu.edu,1990-10-26,M,Virginia Beach,VA,23471,US,1
10595,Douglas Celler,dcellergi@altervista.org,1986-11-15,M,North Port,FL,34290,US,1
10596,Dominga Clemerson,dclemersongj@wufoo.com,1974-08-20,F,Columbus,OH,43226,US,1
10597,Maxi Cordeix,mcordeixgk@soundcloud.com,1985-03-18,F,Oklahoma City,OK,73157,US,5
10598,Eugen Lembrick,elembrickgl@alexa.com,1988-07-21,M,Beaumont,TX,77705,US,2
10599,Johnette Prester,jprestergm@abc.net.au,1992-12-17,F,Baton Rouge,LA,70805,US,1
10600,Freddy Ettery,fetterygn@oracle.com,1988-02-10,F,Gary,IN,46406,US,1
10601,Matthiew Dorricott,mdorricottgo@un.org,1985-08-07,M,Phoenix,AZ,85045,US,3
10602,Nikos Van Zon,nvangp@myspace.com,1969-03-28,M,Hicksville,NY,11854,US,1
10603,Frannie Braksper,fbrakspergq@google.com.au,1978-06-02,M,San Luis Obispo,CA,93407,US,5
10604,Vincent Capron,vcaprongr@dion.ne.jp,1995-09-06,M,Houston,TX,77030,US,1
10605,Anastasie Eaton,aeatongs@marriott.com,1987-08-01,F,Bismarck,ND,58505,US,1
10606,Aloysius Hague,ahaguegt@sohu.com,1980-01-22,M,Roanoke,VA,24004,US,2
10607,Corrina Stackbridge,cstackbridgegu@rambler.ru,1996-05-19,F,Washington,DC,20425,US,1
10608,Jeremie Onraet,jonraetgv@sogou.com,1975-02-25,M,Corpus Christi,TX,78475,US,1
10609,Nigel Stanistrete,nstanistretegw@hc360.com,1973-12-09,M,Mesquite,TX,75185,US,3
10610,Cordey Makey,cmakeygx@bizjournals.com,1985-08-21,F,Brooklyn,NY,11210,US,1
10611,Cirilo Coole,ccoolegy@nsw.gov.au,1997-01-06,M,San Francisco,CA,94154,US,1
10612,Norton Fluger,nflugergz@bbc.co.uk,1984-10-10,M,Stamford,CT,06905,US,1
10613,Larisa Wasselin,lwasselinh0@scribd.com,1979-08-17,F,Honolulu,HI,96825,US,1
10614,Glynis Stanlock,gstanlockh1@unicef.org,1990-06-05,F,Dallas,TX,75277,US,2
10615,Colas Danjoie,cdanjoieh2@yellowpages.com,1980-09-03,M,Roanoke,VA,24040,US,1
10616,Hestia Rozet,hrozeth3@bloglovin.com,1986-09-05,F,Harrisburg,PA,17126,US,2
10617,Gav Blamires,gblamiresh4@google.ru,1991-05-12,M,Charleston,WV,25331,US,2
10618,Delly Iley,dileyh5@smugmug.com,1996-02-20,F,Baltimore,MD,21265,US,3
10619,Lorinda Janusz,ljanuszh6@nature.com,1982-07-16,F,Missoula,MT,59806,US,4
10620,Opaline Eefting,oeeftingh7@virginia.edu,1994-09-02,F,Huntington,WV,25726,US,2
10621,Kalila McKyrrelly,kmckyrrellyh8@feedburner.com,1985-03-23,F,Jacksonville,FL,32244,US,4
10622,Farlie Petricek,fpetricekh9@pagesperso-orange.fr,1988-05-13,M,Valdosta,GA,31605,US,1
10623,Stanislas Coveley,scoveleyha@un.org,1979-10-17,M,San Antonio,TX,78215,US,1
10624,Jamison Owbrick,jowbrickhb@clickbank.net,1990-07-31,M,Pensacola,FL,32520,US,1
10625,Randall Bennetto,rbennettohc@walmart.com,1986-12-18,M,Louisville,KY,40293,US,2
10626,Rhiamon Yerborn,ryerbornhd@nps.gov,1991-01-08,F,Daytona Beach,FL,32128,US,9
10627,Kitti Jinkin,kjinkinhe@nps.gov,1985-07-25,F,Evansville,IN,47712,US,3
10628,Hedwiga Stephens,hstephenshf@examiner.com,1996-11-18,F,College Station,TX,77844,US,3
10629,Darbee Culpen,dculpenhg@kickstarter.com,1985-05-06,M,Jacksonville,FL,32225,US,1
10630,Meredith Tome,mtomehh@blinklist.com,1982-01-07,M,Flushing,NY,11355,US,1
10631,Jesse Briddle,jbriddlehi@live.com,1991-12-09,F,Portland,OR,97286,US,2
10632,Vivian Collomosse,vcollomossehj@nifty.com,1972-05-31,F,Alhambra,CA,91841,US,2
10633,Lemar Somerville,lsomervillehk@psu.edu,1981-11-11,M,Las Cruces,NM,88006,US,2
10634,Karyn Greggor,kgreggorhl@forbes.com,1987-10-15,F,Peoria,AZ,85383,US,2
10635,Berkeley Brendish,bbrendishhm@liveinternet.ru,1978-09-02,M,Seattle,WA,98133,US,1
10636,Raddy Cray,rcrayhn@irs.gov,1980-02-08,M,Fresno,CA,93794,US,4
10637,Calhoun Mesnard,cmesnardho@state.tx.us,1975-06-16,M,Madison,WI,53716,US,5
10638,Kyla Keysel,kkeyselhp@cbsnews.com,1982-04-07,F,Mesa,AZ,85205,US,5
10639,Livvy Founds,lfoundshq@yale.edu,1980-12-31,F,Houston,TX,77035,US,11
10640,Turner Simoneschi,tsimoneschihr@cnbc.com,1996-08-04,M,El Paso,TX,79940,US,3
10641,Hallie Orrocks,horrockshs@blog.com,1995-05-05,F,Fresno,CA,93762,US,2
10642,Mill Paddie,mpaddieht@theguardian.com,1980-06-27,M,Oklahoma City,OK,73124,US,1
10643,Brittne Galsworthy,bgalsworthyhu@phoca.cz,1963-08-08,F,Tampa,FL,33661,US,6
10644,Lyssa Whitear,lwhitearhv@free.fr,1995-04-11,F,Washington,DC,20591,US,1
10645,Eveline Keuntje,ekeuntjehw@technorati.com,1985-05-13,F,El Paso,TX,79984,US,1
10646,Raffaello Figg,rfigghx@ow.ly,1989-06-01,M,Fort Worth,TX,76129,US,3
10647,Jaime Oldford,joldfordhy@vimeo.com,1974-10-01,M,Rockville,MD,20851,US,4
10648,Burch Jeskins,bjeskinshz@canalblog.com,1986-02-20,M,Newark,NJ,07195,US,1
10649,Clemmie Lethieulier,clethieulieri0@bizjournals.com,1992-02-09,F,Topeka,KS,66606,US,2
10650,Tani Di Ruggiero,tdii1@gravatar.com,1974-01-29,F,Baton Rouge,LA,70820,US,3
10651,Domenic Atwool,datwooli2@biglobe.ne.jp,1980-01-17,M,Reston,VA,22096,US,5
10652,Torre Hedgeley,thedgeleyi3@dailymotion.com,1981-04-29,M,Delray Beach,FL,33448,US,2
10653,Kale Grant,kgranti4@bizjournals.com,1983-02-02,M,Philadelphia,PA,19131,US,1
10654,Nanni Joule,njoulei5@nymag.com,1994-02-01,F,Buffalo,NY,14210,US,3
10655,Vivyanne Schulter,vschulteri6@timesonline.co.uk,1990-03-03,F,Atlanta,GA,31119,US,1
10656,Mead Rodolf,mrodolfi7@360.cn,1994-12-11,M,Honolulu,HI,96840,US,2
10657,Herminia Preble,hpreblei8@economist.com,1983-04-14,F,Houston,TX,77299,US,1
10658,Bernadina Siaskowski,bsiaskowskii9@t.co,1990-04-11,F,Indianapolis,IN,46231,US,1
10659,Salvatore Buney,sbuneyia@sohu.com,1988-09-06,M,Minneapolis,MN,55402,US,1
10660,Rutherford Pedycan,rpedycanib@xing.com,1989-04-26,M,Jamaica,NY,11499,US,4
10661,Katherina Brearley,kbrearleyic@admin.ch,1982-01-24,F,Newark,NJ,07188,US,1
10662,Kelvin Way,kwayid@state.gov,1994-02-25,M,Des Moines,IA,50305,US,6
10663,Peyter Limprecht,plimprechtie@friendfeed.com,1966-08-16,M,Orlando,FL,32854,US,1
10664,Ruperto Donnachie,rdonnachieif@dmoz.org,1990-01-17,M,Houston,TX,77293,US,1
10665,Emeline Redwing,eredwingig@acquirethisname.com,1968-10-27,F,Pompano Beach,FL,33064,US,1
10666,Alika Duligall,aduligallih@yahoo.com,1994-07-13,F,San Diego,CA,92191,US,4
10667,Kurt Keeting,kkeetingii@hexun.com,1986-11-21,M,Baton Rouge,LA,70883,US,2
10668,Tamqrah Riceards,triceardsij@wordpress.org,1978-05-30,F,New York City,NY,10014,US,2
10669,Brett Chipp,bchippik@ed.gov,1973-12-19,M,Chicago,IL,60686,US,1
10670,Joella Marin,jmarinil@mashable.com,1984-11-18,F,Columbus,OH,43210,US,1
10671,Maegan Ossulton,mossultonim@cnn.com,1978-03-21,F,Clearwater,FL,34615,US,1
10672,Sydney Huxtable,shuxtablein@vimeo.com,1980-08-16,M,Memphis,TN,38143,US,1
10673,Melina Batchley,mbatchleyio@techcrunch.com,1998-05-01,F,Greenville,SC,29605,US,1
10674,Fidelia Ivy,fivyip@ameblo.jp,1986-10-01,F,Honolulu,HI,96835,US,8
10675,Ives Crowcroft,icrowcroftiq@shutterfly.com,1984-11-07,M,Anaheim,CA,92825,US,1
10676,Aryn Danielsohn,adanielsohnir@fda.gov,1991-06-22,F,Saint Louis,MO,63143,US,1
10677,Randolph Baiss,rbaissis@unc.edu,1982-03-09,M,Boston,MA,02208,US,1
10678,Wain Muffitt,wmuffittit@nydailynews.com,1998-03-22,M,Miami,FL,33180,US,3
10679,Luella Denness,ldennessiu@wunderground.com,1983-05-20,F,Saint Louis,MO,63150,US,1
10680,Cello Dudney,cdudneyiv@amazon.co.uk,1971-08-24,M,Wilmington,DE,19892,US,1
10681,Jolynn Barstock,jbarstockiw@wired.com,1991-08-13,F,Cincinnati,OH,45203,US,1
10682,Norean Heustace,nheustaceix@europa.eu,1979-08-27,F,Brooklyn,NY,11225,US,1
10683,Kelsey Pavolillo,kpavolilloiy@spiegel.de,1976-10-16,M,Greenville,SC,29610,US,1
10684,Ethelyn Pooke,epookeiz@networksolutions.com,1974-04-28,F,Cleveland,OH,44118,US,4
10685,Patience Iannello,piannelloj0@cornell.edu,1978-02-08,F,Sacramento,CA,94257,US,3
10686,Giselbert Rupke,grupkej1@sphinn.com,1984-01-13,M,Salt Lake City,UT,84140,US,4
10687,Pat Yarr,pyarrj2@marriott.com,1980-01-27,M,Los Angeles,CA,90189,US,5
10688,Smitty Hawkswell,shawkswellj3@usda.gov,1996-11-01,M,Fort Collins,CO,80525,US,1
10689,Ailey Guillond,aguillondj4@cafepress.com,1992-06-16,F,Fort Worth,TX,76134,US,1
10690,Thalia McNaught,tmcnaughtj5@eepurl.com,1992-11-22,F,Long Beach,CA,90805,US,3
10691,Aleksandr Menezes,amenezesj6@harvard.edu,1983-10-31,M,Los Angeles,CA,90025,US,3
10692,Abbe Mation,amationj7@nature.com,1994-04-29,F,New York City,NY,10275,US,2
10693,Eloisa Whanstall,ewhanstallj8@twitter.com,1990-11-29,F,Des Moines,IA,50369,US,1
10694,Corinna Slide,cslidej9@histats.com,1981-05-17,F,Beaufort,SC,29905,US,2
10695,Zollie Pettyfer,zpettyferja@exblog.jp,1992-10-15,M,Cheyenne,WY,82007,US,1
10696,Lanae Anstice,lansticejb@independent.co.uk,1991-09-27,F,Dallas,TX,75397,US,1
10697,Aili Hovert,ahovertjc@hao123.com,1992-12-25,F,Lansing,MI,48956,US,3
10698,Jessalin Odom,jodomjd@nature.com,1999-03-29,F,Peoria,IL,61635,US,1
10699,Fields Cullity,fcullityje@newsvine.com,1995-04-30,M,Chicago,IL,60619,US,1
10700,Dennet Cattellion,dcattellionjf@oaic.gov.au,1973-01-14,M,Lexington,KY,40586,US,1
10701,Gibby Orviss,gorvissjg@cpanel.net,1995-04-23,M,Santa Barbara,CA,93150,US,1
10702,Dell Roundtree,droundtreejh@about.me,1986-02-25,F,Hialeah,FL,33018,US,1
10703,Umberto Draisey,udraiseyji@microsoft.com,1979-04-09,M,Buffalo,NY,14205,US,1
10704,Forest Taudevin,ftaudevinjj@xing.com,1980-08-14,M,Saint Petersburg,FL,33742,US,1
10705,Harrie Knock,hknockjk@sogou.com,1981-07-21,F,Kansas City,MO,64187,US,2
10706,Nappie Mattaser,nmattaserjl@mozilla.org,1988-10-10,M,Norcross,GA,30092,US,1
10707,Celle Di Nisco,cdijm@shutterfly.com,1970-07-10,F,Lincoln,NE,68531,US,1
10708,Anneliese Winterbourne,awinterbournejn@altervista.org,1996-01-27,F,Tuscaloosa,AL,35405,US,4
10709,Aliza Cowell,acowelljo@newyorker.com,1974-11-05,F,Suffolk,VA,23436,US,2
10710,Roosevelt Foxcroft,rfoxcroftjp@ihg.com,1988-07-04,M,Kansas City,MO,64199,US,3
10711,Craggy Di Giacomettino,cdijq@webs.com,1977-12-21,M,Jackson,MS,39296,US,3
10712,Kesley Andrat,kandratjr@census.gov,1980-09-23,F,Bismarck,ND,58505,US,1
10713,Arturo Minto,amintojs@eventbrite.com,1975-11-21,M,Saginaw,MI,48604,US,1
10714,Willey Potkins,wpotkinsjt@timesonline.co.uk,1976-02-13,M,Amarillo,TX,79165,US,2
10715,Tammara Greatrakes,tgreatrakesju@hexun.com,1978-10-06,F,Columbus,OH,43204,US,10
10716,Theodor Nottingam,tnottingamjv@wordpress.com,1993-02-17,M,Sacramento,CA,95852,US,1
10717,Whitney Pykerman,wpykermanjw@google.com.au,1988-02-27,F,Colorado Springs,CO,80905,US,2
10718,Archaimbaud Crebott,acrebottjx@cdc.gov,1988-12-28,M,Charlotte,NC,28284,US,3
10719,Rubin Kilgannon,rkilgannonjy@php.net,1991-08-20,M,Augusta,GA,30905,US,3
10720,Hastie Derbyshire,hderbyshirejz@liveinternet.ru,1997-12-28,M,Schenectady,NY,12325,US,2
10721,Mabelle Thurbon,mthurbonk0@businesswire.com,1979-11-05,F,Charlotte,NC,28230,US,2
10722,Vina Rapaport,vrapaportk1@marketwatch.com,1979-03-29,F,New Orleans,LA,70154,US,4
10723,Dosi Getty,dgettyk2@multiply.com,1997-10-20,F,Brooklyn,NY,11205,US,3
10724,Clarette Pithcock,cpithcockk3@biglobe.ne.jp,1984-06-06,F,Glendale,AZ,85311,US,1
10725,Vittoria Orred,vorredk4@storify.com,1987-10-14,F,Naples,FL,34114,US,4
10726,Kalindi McMaster,kmcmasterk5@live.com,1999-06-26,F,Fort Wayne,IN,46862,US,1
10727,Jarred Sexten,jsextenk6@ox.ac.uk,1989-08-20,M,Saint Louis,MO,63169,US,1
10728,Shandeigh Lygo,slygok7@theatlantic.com,1986-01-27,F,New Haven,CT,06505,US,1
10729,Christie Kirsop,ckirsopk8@amazon.de,1994-11-17,F,Brooklyn,NY,11231,US,1
10730,Dulciana Egell,degellk9@amazon.co.uk,1982-09-29,F,Tacoma,WA,98411,US,1
10731,Hope Dollin,hdollinka@loc.gov,1998-11-23,F,Memphis,TN,38188,US,1
10732,Mortimer Boxhall,mboxhallkb@chronoengine.com,1986-11-28,M,Colorado Springs,CO,80925,US,3
10733,Mallissa Gerriets,mgerrietskc@wikispaces.com,1970-09-10,F,New Orleans,LA,70129,US,1
10734,Reena Mackro,rmackrokd@angelfire.com,1984-09-25,F,Beaumont,TX,77705,US,3
10735,Kelcie Bernaciak,kbernaciakke@mlb.com,1987-07-28,F,Kansas City,MO,64149,US,1
10736,Valery Aseef,vaseefkf@walmart.com,1985-04-22,F,Davenport,IA,52804,US,2
10737,Doreen Bonicelli,dbonicellikg@forbes.com,1980-12-10,F,Tulsa,OK,74126,US,1
10738,Tisha McKinstry,tmckinstrykh@auda.org.au,1974-04-22,F,Fresno,CA,93786,US,4
10739,Erl Haimes,ehaimeski@columbia.edu,1992-04-02,M,Lakeland,FL,33805,US,1
10740,Gwendolin Normanville,gnormanvillekj@globo.com,1987-12-27,F,Little Rock,AR,72215,US,3
10741,Raffaello Higgan,rhiggankk@wikispaces.com,1983-06-19,M,Houston,TX,77212,US,2
10742,Donetta Dumbrill,ddumbrillkl@ibm.com,1986-04-21,F,El Paso,TX,88514,US,1
10743,Valentine Laven,vlavenkm@people.com.cn,1999-06-22,M,Pompano Beach,FL,33064,US,1
10744,Sephira Mews,smewskn@github.com,1975-12-30,F,Tucson,AZ,85737,US,3
10745,Averell Wardhaw,awardhawko@google.it,1988-04-15,M,Brockton,MA,02405,US,7
10746,Nil Ainslie,nainsliekp@harvard.edu,1991-02-06,M,Akron,OH,44315,US,2
10747,Gerardo Mattimoe,gmattimoekq@csmonitor.com,1981-02-26,M,Escondido,CA,92030,US,2
10748,Amelina Tasch,ataschkr@friendfeed.com,1985-12-01,F,Arlington,TX,76004,US,3
10749,Trixy Donnett,tdonnettks@businessweek.com,1974-12-30,F,Portland,OR,97271,US,2
10750,Berthe Casement,bcasementkt@home.pl,1989-08-06,F,Des Moines,IA,50369,US,2
10751,Candide Hockell,chockellku@fema.gov,1984-12-04,F,Elizabeth,NJ,07208,US,5
10752,Rea Nassy,rnassykv@squidoo.com,1967-11-19,F,Knoxville,TN,37939,US,1
10753,Ariana Liles,alileskw@yahoo.co.jp,1976-12-06,F,Austin,TX,78789,US,2
10754,Odo Jecock,ojecockkx@slideshare.net,1975-09-18,M,Atlanta,GA,30356,US,1
10755,Desi Halgarth,dhalgarthky@aboutads.info,1978-02-22,M,Mobile,AL,36605,US,1
10756,Melosa Oxlade,moxladekz@abc.net.au,1992-03-12,F,Dallas,TX,75236,US,1
10757,Burgess Gorioli,bgoriolil0@google.de,1995-03-12,M,Peoria,IL,61651,US,1
10758,Horatia Barwis,hbarwisl1@fc2.com,1986-05-16,F,Chicago,IL,60691,US,1
10759,Alysia Byre,abyrel2@examiner.com,1971-10-16,F,Ocala,FL,34474,US,1
10760,Zonnya Bertson,zbertsonl3@vistaprint.com,1987-08-27,F,Dayton,OH,45403,US,4
10761,Towny Chellenham,tchellenhaml4@toplist.cz,1998-03-15,M,Lees Summit,MO,64082,US,1
10762,Marcile Curnick,mcurnickl5@pagesperso-orange.fr,1989-08-21,F,Washington,DC,20551,US,4
10763,Lion Marishenko,lmarishenkol6@time.com,1978-12-27,M,Detroit,MI,48295,US,1
10764,Rodie Mallison,rmallisonl7@bloglines.com,1995-09-06,F,New York City,NY,10079,US,1
10765,Mathias Fautly,mfautlyl8@shinystat.com,1996-11-26,M,El Paso,TX,88558,US,1
10766,Dave Gebbie,dgebbiel9@domainmarket.com,1965-07-26,M,Las Vegas,NV,89193,US,1
10767,Jareb Trengove,jtrengovela@tamu.edu,1994-10-11,M,Hollywood,FL,33023,US,1
10768,Lon Oake,loakelb@dot.gov,1978-01-16,M,Buffalo,NY,14220,US,1
10769,Yuri Couchman,ycouchmanlc@360.cn,1997-03-04,M,Tallahassee,FL,32314,US,1
10770,Lucille Payn,lpaynld@ebay.com,1988-09-03,F,Sacramento,CA,95823,US,1
10771,Marleah Overton,movertonle@nationalgeographic.com,1970-11-29,F,Pasadena,CA,91103,US,2
10772,Augustus Plet,apletlf@storify.com,1972-09-08,M,Springfield,OH,45505,US,3
10773,Arnoldo Mottley,amottleylg@time.com,1982-03-22,M,Aurora,CO,80015,US,1
10774,Gaylord Heyfield,gheyfieldlh@washingtonpost.com,1986-03-01,M,Milwaukee,WI,53215,US,4
10775,Constantina Hubber,chubberli@sitemeter.com,1978-04-26,F,Long Beach,CA,90831,US,2
10776,Bronson Twiggins,btwigginslj@eventbrite.com,1972-07-20,M,Portsmouth,NH,00214,US,1
10777,Rickert Jahncke,rjahnckelk@noaa.gov,1985-11-17,M,Pomona,CA,91797,US,2
10778,Mei Kingzett,mkingzettll@blogger.com,1981-09-05,F,Raleigh,NC,27621,US,2
10779,Laurella Lorman,llormanlm@nsw.gov.au,1993-11-01,F,Brockton,MA,02305,US,1
10780,Kurtis Spikeings,kspikeingsln@ucoz.com,1998-07-06,M,Monroe,LA,71208,US,1
10781,Andromache Roobottom,aroobottomlo@acquirethisname.com,1986-05-06,F,Anchorage,AK,99599,US,1
10782,Janie Leet,jleetlp@buzzfeed.com,1989-02-22,F,Santa Ana,CA,92705,US,1
10783,Janaya Durant,jdurantlq@springer.com,1989-03-22,F,Carson City,NV,89706,US,1
10784,Xenia Hagergham,xhagerghamlr@homestead.com,1982-01-05,F,Oakland,CA,94660,US,1
10785,Hadria Coulsen,hcoulsenls@bloglines.com,1982-07-24,F,Greensboro,NC,27499,US,1
10786,Son Starmont,sstarmontlt@cyberchimps.com,1985-10-23,M,Palatine,IL,60078,US,5
10787,Myrilla Pau,mpaulu@furl.net,1973-06-15,F,Shreveport,LA,71137,US,2
10788,Joyous Heathorn,jheathornlv@tumblr.com,1990-11-08,F,Oakland,CA,94605,US,1
10789,Curt Candish,ccandishlw@github.io,1977-04-05,M,New Orleans,LA,70124,US,1
10790,Ned Moulder,nmoulderlx@ifeng.com,1982-06-15,M,Corona,CA,92883,US,1
10791,Torrence Bretherick,tbretherickly@miitbeian.gov.cn,1982-08-22,M,Albany,NY,12232,US,1
10792,Lauraine Sanpher,lsanpherlz@timesonline.co.uk,1979-02-12,F,Pasadena,CA,91186,US,3
10793,Olia Burgwyn,oburgwynm0@qq.com,1980-11-15,F,Raleigh,NC,27615,US,2
10794,Lucia Townson,ltownsonm1@wikipedia.org,1986-06-22,F,Phoenix,AZ,85035,US,1
10795,Quentin De Bischof,qdem2@squarespace.com,1993-12-13,M,Springfield,IL,62756,US,1
10796,Karee Wilman,kwilmanm3@marriott.com,1983-11-29,F,Mountain View,CA,94042,US,1
10797,Esma Bassham,ebasshamm4@blogspot.com,1962-07-27,F,Bronx,NY,10454,US,2
10798,Bertie Bowne,bbownem5@berkeley.edu,1988-09-16,M,Houston,TX,77070,US,2
10799,Gay Siemianowicz,gsiemianowiczm6@alibaba.com,1984-11-28,M,Manchester,NH,03105,US,3
10800,Norrie Trundell,ntrundellm7@hugedomains.com,1980-11-19,M,Augusta,GA,30919,US,2
10801,Fenelia Exton,fextonm8@reuters.com,1976-12-06,F,Philadelphia,PA,19125,US,2
10802,Teador Cawthra,tcawthram9@yale.edu,1994-12-01,M,Grand Rapids,MI,49510,US,1
10803,Godart Jennery,gjenneryma@chicagotribune.com,1977-05-19,M,Newark,NJ,07188,US,1
10804,Inesita Baily,ibailymb@ebay.co.uk,1959-07-11,F,Denver,CO,80262,US,2
10805,Phylis MacMaykin,pmacmaykinmc@dagondesign.com,1980-09-10,F,Florence,SC,29505,US,1
10806,Martino Kurten,mkurtenmd@etsy.com,1995-03-15,M,Des Moines,IA,50315,US,1
10807,Elinore Hagley,ehagleyme@spotify.com,1987-03-05,F,Pensacola,FL,32526,US,1
10808,Marcile Boylund,mboylundmf@gov.uk,1996-04-21,F,Des Moines,IA,50335,US,1
10809,Selby Kestle,skestlemg@columbia.edu,1997-08-06,M,Baltimore,MD,21216,US,1
10810,Gerri Banfield,gbanfieldmh@wsj.com,1975-09-21,M,Los Angeles,CA,90005,US,2
10811,Terri Herety,theretymi@seattletimes.com,1975-07-04,F,Arlington,VA,22212,US,1
10812,Laurella Weeden,lweedenmj@aol.com,1993-02-22,F,Orange,CA,92867,US,1
10813,Ollie Sayse,osaysemk@ifeng.com,1992-08-31,M,Las Vegas,NV,89160,US,3
10814,Colby Mortlock,cmortlockml@geocities.com,1993-01-12,M,Reno,NV,89519,US,1
10815,Jason Murford,jmurfordmm@123-reg.co.uk,1990-10-29,M,Fairbanks,AK,99709,US,1
10816,Carolan Duxbarry,cduxbarrymn@va.gov,1985-06-11,F,Columbus,OH,43231,US,3
10817,Reinwald Straughan,rstraughanmo@bbb.org,1987-02-25,M,Chula Vista,CA,91913,US,5
10818,Bernadina Hesser,bhessermp@businessweek.com,1982-02-06,F,El Paso,TX,88541,US,3
10819,Lauritz Fotheringham,lfotheringhammq@csmonitor.com,1973-05-03,M,Shawnee Mission,KS,66225,US,1
10820,Stephani Kinny,skinnymr@purevolume.com,1988-12-26,F,Waltham,MA,02453,US,1
10821,Miran Wallentin,mwallentinms@shutterfly.com,1992-01-24,F,Rochester,MN,55905,US,1
10822,Ulric Phorsby,uphorsbymt@apache.org,1975-10-10,M,West Palm Beach,FL,33416,US,2
10823,Antoinette Heffy,aheffymu@sciencedirect.com,1991-10-16,F,Wichita,KS,67205,US,1
10824,Marybeth Marwood,mmarwoodmv@t-online.de,1987-05-06,F,Springfield,MO,65898,US,1
10825,Emelita Blackmoor,eblackmoormw@hc360.com,1990-10-24,F,Spartanburg,SC,29305,US,2
10826,Ivett Godman,igodmanmx@nymag.com,1991-10-11,F,Houston,TX,77055,US,1
10827,Micah Rusted,mrustedmy@disqus.com,1993-03-06,M,Orlando,FL,32808,US,2
10828,Tabb Prozescky,tprozesckymz@friendfeed.com,1987-09-20,M,Oklahoma City,OK,73135,US,2
10829,Kipper Seatter,kseattern0@networkadvertising.org,1981-08-21,M,Tampa,FL,33605,US,1
10830,Goran Matyukon,gmatyukonn1@independent.co.uk,1991-05-20,M,Richmond,VA,23277,US,1
10831,Dav Estoile,destoilen2@nbcnews.com,1989-08-17,M,Columbus,GA,31998,US,5
10832,Belle Scheffler,bschefflern3@unesco.org,1982-08-01,F,Fullerton,CA,92835,US,3
10833,Halie Le Houx,hlen4@pinterest.com,1953-12-14,F,Beaverton,OR,97075,US,1
10834,Emily Fantini,efantinin5@mozilla.org,1971-11-24,F,Sacramento,CA,94297,US,1
10835,Shay Jarvie,sjarvien6@springer.com,1981-10-24,F,Dallas,TX,75231,US,2
10836,Jemima Hayesman,jhayesmann7@hugedomains.com,1993-01-12,F,Washington,DC,20299,US,4
10837,Leonore Mapp,lmappn8@mail.ru,1979-05-20,F,Rochester,NY,14614,US,2
10838,Dorice De Biasi,dden9@surveymonkey.com,1974-09-20,F,Juneau,AK,99812,US,1
10839,Con Feare,cfearena@godaddy.com,1977-11-07,F,Sacramento,CA,94291,US,2
10840,Odell Neighbour,oneighbournb@hubpages.com,1996-03-14,M,Lincoln,NE,68510,US,1
10841,Yank Madge,ymadgenc@umich.edu,1986-03-14,M,Zephyrhills,FL,33543,US,1
10842,Cedric McIlhatton,cmcilhattonnd@wisc.edu,1990-09-06,M,Homestead,FL,33034,US,3
10843,Garner Wordsworth,gwordsworthne@rambler.ru,1995-04-03,M,Albuquerque,NM,87195,US,2
10844,Zora Teliga,zteliganf@w3.org,1974-01-12,F,Jacksonville,FL,32259,US,4
10845,Royce Coad,rcoadng@discuz.net,1983-10-10,M,Fort Worth,TX,76134,US,3
10846,Eddy Amott,eamottnh@noaa.gov,1979-03-10,F,Van Nuys,CA,91411,US,1
10847,Donovan Vanes,dvanesni@storify.com,1987-01-12,M,Houston,TX,77234,US,4
10848,Amelia Dachs,adachsnj@fc2.com,1989-07-26,F,Scranton,PA,18514,US,1
10849,Alikee Manoelli,amanoellink@eventbrite.com,1987-05-09,F,Springfield,IL,62723,US,1
10850,Kinna Dimitriades,kdimitriadesnl@mtv.com,1988-05-11,F,Miami,FL,33147,US,2
10851,Eustace Scholling,eschollingnm@slashdot.org,1995-08-24,M,El Paso,TX,79989,US,1
10852,Chiquita Nellis,cnellisnn@paginegialle.it,1979-01-27,F,Falls Church,VA,22047,US,2
10853,Milt Ball,mballno@spotify.com,1991-02-16,M,Modesto,CA,95397,US,1
10854,Hugh Coxon,hcoxonnp@alexa.com,1992-10-23,M,Prescott,AZ,86305,US,1
10855,Electra Dainton,edaintonnq@alexa.com,1983-09-16,F,Tulsa,OK,74108,US,1
10856,Burch Loxley,bloxleynr@theatlantic.com,1990-08-06,M,Denver,CO,80217,US,2
10857,Orazio Upcott,oupcottns@ifeng.com,1983-03-06,M,Little Rock,AR,72222,US,1
10858,Esme Rogerot,erogerotnt@bigcartel.com,1998-12-31,M,Knoxville,TN,37914,US,1
10859,Orelle Bonson,obonsonnu@meetup.com,1985-06-03,F,Oklahoma City,OK,73173,US,1
10860,Auguste Skyram,askyramnv@prlog.org,1986-01-13,F,Akron,OH,44305,US,1
10861,Binni Grewe,bgrewenw@bloomberg.com,1990-05-02,F,Roanoke,VA,24040,US,1
10862,Orelie Maguire,omaguirenx@purevolume.com,1992-09-16,F,El Paso,TX,88525,US,1
10863,Gerhard Toffanini,gtoffanininy@tuttocitta.it,1988-11-09,M,Washington,DC,20073,US,1
10864,Merola Drynan,mdrynannz@twitter.com,1997-04-02,F,North Hollywood,CA,91606,US,3
10865,Andra Lyosik,alyosiko0@goo.ne.jp,1988-10-31,F,Columbia,SC,29215,US,4
10866,Anthony Herion,aheriono1@xing.com,1977-07-26,M,Battle Creek,MI,49018,US,1
10867,Maryrose Benardeau,mbenardeauo2@globo.com,1978-08-11,F,Cedar Rapids,IA,52405,US,1
10868,Gideon O' Kelleher,goo3@who.int,1981-06-04,M,Houston,TX,77260,US,1
10869,Demetrius Mularkey,dmularkeyo4@paypal.com,1991-06-11,M,Tampa,FL,33615,US,4
10870,Findlay Soulsby,fsoulsbyo5@taobao.com,1993-05-02,M,Birmingham,AL,35244,US,1
10871,Lexis Wakeford,lwakefordo6@cam.ac.uk,1989-02-12,F,Tucson,AZ,85748,US,1
10872,Forster Huckin,fhuckino7@github.io,1974-08-28,M,Miami,FL,33190,US,3
10873,Juliet Gault,jgaulto8@g.co,1978-08-17,F,Petaluma,CA,94975,US,1
10874,Deeyn Koomar,dkoomaro9@opera.com,1986-06-04,F,Columbus,OH,43210,US,3
10875,Revkah Pinkerton,rpinkertonoa@phpbb.com,1995-01-30,F,Memphis,TN,38126,US,1
10876,Urbanus Makeswell,umakeswellob@who.int,1978-07-29,M,Springfield,IL,62794,US,2
10877,Roldan Gallo,rgallooc@imdb.com,1984-12-16,M,Wilmington,DE,19886,US,3
10878,Sue Stuck,sstuckod@spiegel.de,1972-06-08,F,Minneapolis,MN,55407,US,1
10879,Aeriela Ullyatt,aullyattoe@auda.org.au,1979-08-09,F,Augusta,GA,30905,US,1
10880,Rey Tilney,rtilneyof@icio.us,1993-06-24,F,Scottsdale,AZ,85271,US,1
10881,Fraser Stegel,fstegelog@hhs.gov,1977-10-23,M,Dallas,TX,75323,US,2
10882,Aretha Bray,abrayoh@census.gov,1978-03-18,F,Columbus,GA,31904,US,2
10883,Leland Crabbe,lcrabbeoi@blogger.com,1989-03-28,M,Loretto,MN,55598,US,2
10884,Amara Atmore,aatmoreoj@usda.gov,1985-05-31,F,Brooklyn,NY,11247,US,1
10885,Abbie Dishmon,adishmonok@bbc.co.uk,1992-06-16,F,Portland,OR,97221,US,1
10886,Ricky Normavill,rnormavillol@livejournal.com,1995-03-20,M,Longview,TX,75605,US,9
10887,Alejandrina Corcut,acorcutom@acquirethisname.com,1961-01-09,F,Austin,TX,78710,US,2
10888,Brit Calvie,bcalvieon@state.tx.us,1993-08-12,F,Santa Barbara,CA,93111,US,2
10889,Oralie Scintsbury,oscintsburyoo@google.co.uk,1975-07-08,F,Brockton,MA,02305,US,1
10890,Dru Fintoph,dfintophop@51.la,1992-09-06,M,Tucson,AZ,85732,US,1
10891,Dana Heard,dheardoq@cafepress.com,1992-07-16,M,Homestead,FL,33034,US,4
10892,Malia Tofts,mtoftsor@fotki.com,1977-09-10,F,Newark,NJ,07104,US,1
10893,Brodie Wickie,bwickieos@illinois.edu,1980-06-02,M,Milwaukee,WI,53210,US,1
10894,Vera Andric,vandricot@woothemes.com,1987-05-15,F,Santa Rosa,CA,95405,US,4
10895,Aubrey Surplice,asurpliceou@sbwire.com,1990-04-16,F,Seattle,WA,98140,US,4
10896,Minni Mostyn,mmostynov@feedburner.com,1993-02-10,F,Charlotte,NC,28289,US,1
10897,Barret Windham,bwindhamow@sina.com.cn,1992-06-04,M,New York City,NY,10004,US,1
10898,Brendon Nono,bnonoox@imdb.com,1974-04-10,M,Stockton,CA,95205,US,1
10899,Tana Collister,tcollisteroy@wsj.com,1975-02-09,F,Tulsa,OK,74170,US,1
10900,Ulrica Garr,ugarroz@ucoz.ru,1979-10-30,F,Maple Plain,MN,55572,US,4
10901,Noby Arnow,narnowp0@prlog.org,1994-02-27,M,Vancouver,WA,98687,US,1
10902,Aundrea Moodie,amoodiep1@kickstarter.com,1980-07-14,F,Santa Monica,CA,90405,US,2
10903,Flint Duthie,fduthiep2@nytimes.com,1996-05-19,M,Houston,TX,77281,US,2
10904,Maxy Rosenbarg,mrosenbargp3@1688.com,1977-05-24,M,Kansas City,MO,64193,US,8
10905,Nanni Rodger,nrodgerp4@netvibes.com,1982-01-27,F,San Jose,CA,95133,US,5
10906,Valentina Pestricke,vpestrickep5@dropbox.com,1996-10-05,F,Paterson,NJ,07544,US,1
10907,Addie Northey,anortheyp6@dropbox.com,1994-06-27,M,Cleveland,OH,44177,US,2
10908,Bennie Shah,bshahp7@domainmarket.com,1986-09-02,F,Sarasota,FL,34276,US,1
10909,Mel Kernell,mkernellp8@theguardian.com,1982-07-30,M,Lexington,KY,40586,US,1
10910,Queenie Blemings,qblemingsp9@blinklist.com,1996-04-04,F,Madison,WI,53790,US,1
10911,Arvy Sach,asachpa@telegraph.co.uk,1994-06-19,M,Plano,TX,75074,US,2
10912,Sutton Leisman,sleismanpb@printfriendly.com,1995-10-26,M,Houston,TX,77065,US,2
10913,Carol-jean Sappson,csappsonpc@soup.io,1985-03-22,F,Kansas City,MO,64199,US,1
10914,Dicky Monro,dmonropd@bluehost.com,1967-11-12,M,Pittsburgh,PA,15225,US,1
10915,Delphine Corner,dcornerpe@chron.com,1988-03-24,F,Asheville,NC,28815,US,2
10916,Sayre Rotter,srotterpf@weibo.com,1996-03-26,M,Atlanta,GA,30351,US,1
10917,Haze Pyatt,hpyattpg@wiley.com,1982-04-05,M,El Paso,TX,88584,US,1
10918,Thayne Armsby,tarmsbyph@youtube.com,1986-07-11,M,Columbia,MO,65218,US,1
10919,Bax Blenkiron,bblenkironpi@ucla.edu,1969-04-25,M,Grand Rapids,MI,49510,US,3
10920,Jillian Kincade,jkincadepj@photobucket.com,1987-08-30,F,London,KY,40745,US,1
10921,Hillyer Toffolo,htoffolopk@usa.gov,1976-04-03,M,Gainesville,FL,32605,US,1
10922,Ferguson Wynett,fwynettpl@youku.com,1992-12-14,M,Abilene,TX,79605,US,3
10923,Harriet Andrewartha,handrewarthapm@dmoz.org,1980-03-02,F,Garden Grove,CA,92645,US,1
10924,Allegra Beadnall,abeadnallpn@guardian.co.uk,1990-07-13,F,Topeka,KS,66622,US,2
10925,Emery Bastie,ebastiepo@discovery.com,1965-10-11,M,South Bend,IN,46620,US,2
10926,Rona Armell,rarmellpp@icio.us,1979-01-31,F,Chicago,IL,60681,US,1
10927,Morgan Whapples,mwhapplespq@oracle.com,1993-08-27,F,Pasadena,CA,91103,US,2
10928,Jeramey Gerram,jgerrampr@ucoz.ru,1976-10-30,M,Milwaukee,WI,53220,US,2
10929,Brien Hun,bhunps@nature.com,1996-03-09,M,Lincoln,NE,68517,US,2
10930,Scotty O'Hannen,sohannenpt@sbwire.com,1993-03-01,M,Pasadena,CA,91117,US,4
10931,Karoly Bramham,kbramhampu@java.com,1988-10-25,M,Charlotte,NC,28220,US,2
10932,Nickie Dominicacci,ndominicaccipv@businesswire.com,1980-03-06,M,North Little Rock,AR,72199,US,2
10933,Zacherie Battie,zbattiepw@cmu.edu,1982-08-15,M,Garden Grove,CA,92844,US,1
10934,Carolee Fettis,cfettispx@youku.com,1981-09-08,F,Fort Wayne,IN,46867,US,1
10935,Kathie Bunford,kbunfordpy@mac.com,1984-10-23,F,Minneapolis,MN,55458,US,3
10936,Melly Hartgill,mhartgillpz@google.fr,1974-07-10,F,El Paso,TX,79994,US,2
10937,Tynan Wortley,twortleyq0@acquirethisname.com,1979-05-11,M,Augusta,GA,30911,US,2
10938,Tomlin Bunny,tbunnyq1@miibeian.gov.cn,1991-11-06,M,Murfreesboro,TN,37131,US,1
10939,Andree Lyosik,alyosikq2@cbslocal.com,1999-07-01,F,Akron,OH,44310,US,1
10940,Cristobal Simm,csimmq3@china.com.cn,1981-09-21,M,Terre Haute,IN,47805,US,2
10941,Alwyn Rowntree,arowntreeq4@google.co.uk,1978-12-17,M,Atlanta,GA,30368,US,2
10942,Ira Kenningham,ikenninghamq5@1und1.de,1973-10-04,F,Tulsa,OK,74193,US,3
10943,Tisha Maggi,tmaggiq6@mozilla.com,1972-08-27,F,Carson City,NV,89714,US,2
10944,Cherilyn Riccelli,criccelliq7@i2i.jp,1986-11-26,F,Saint Paul,MN,55166,US,1
10945,Raymund Tremonte,rtremonteq8@narod.ru,1991-01-10,M,Saint Paul,MN,55115,US,6
10946,Antonius Goble,agobleq9@meetup.com,1995-07-11,M,Springfield,IL,62723,US,1
10947,Agnes Haslin,ahaslinqa@nba.com,1978-11-28,F,Yonkers,NY,10705,US,1
10948,Jillian Charle,jcharleqb@pagesperso-orange.fr,1972-10-21,F,Washington,DC,20557,US,2
10949,Page MacSkeaghan,pmacskeaghanqc@behance.net,1984-06-25,F,Fort Worth,TX,76198,US,3
10950,Puff Atte-Stone,pattestoneqd@t.co,1989-07-04,M,San Jose,CA,95128,US,1
10951,Alberto Click,aclickqe@storify.com,1977-10-10,M,El Paso,TX,88525,US,1
10952,Ginelle Sutterfield,gsutterfieldqf@archive.org,1990-06-12,F,Pasadena,CA,91199,US,1
10953,Hewitt Solano,hsolanoqg@netvibes.com,1993-03-23,M,Naples,FL,34108,US,1
10954,Nicolas Marshall,nmarshallqh@ted.com,1981-05-27,M,Boston,MA,02208,US,1
10955,Alyson Leftly,aleftlyqi@indiatimes.com,1978-03-31,F,Austin,TX,78789,US,3
10956,Lilias Spalding,lspaldingqj@google.cn,1995-08-24,F,Chicago,IL,60669,US,3
10957,Zelig Goodey,zgoodeyqk@dailymotion.com,1977-05-06,M,Pittsburgh,PA,15286,US,2
10958,Ronna Stanmore,rstanmoreql@biglobe.ne.jp,1984-08-25,F,Colorado Springs,CO,80945,US,5
10959,Cedric Ilyin,cilyinqm@joomla.org,1993-05-19,M,San Francisco,CA,94116,US,2
10960,Renate Wapol,rwapolqn@acquirethisname.com,1977-12-31,F,Monticello,MN,55565,US,4
10961,Charline Gosling,cgoslingqo@vk.com,1985-05-11,F,Washington,DC,20414,US,1
10962,Robena Topliss,rtoplissqp@sakura.ne.jp,1979-02-18,F,Jamaica,NY,11436,US,2
10963,Ilse Cawcutt,icawcuttqq@google.com.hk,1995-02-15,F,Modesto,CA,95354,US,2
10964,Nikkie Kennaway,nkennawayqr@t.co,1990-10-06,F,Saint Louis,MO,63104,US,1
10965,Travus McAsgill,tmcasgillqs@skyrock.com,1993-05-03,M,Nashville,TN,37210,US,1
10966,Cherey Cuddon,ccuddonqt@tuttocitta.it,1997-04-06,F,Corpus Christi,TX,78465,US,1
10967,Eadmund Owttrim,eowttrimqu@mtv.com,1985-05-21,M,Indianapolis,IN,46231,US,2
10968,Jada Oakeshott,joakeshottqv@ihg.com,1975-03-30,F,Sarasota,FL,34238,US,4
10969,Vale Essex,vessexqw@ovh.net,1993-12-20,M,Humble,TX,77346,US,1
10970,Bail Lethem,blethemqx@google.de,1986-07-13,M,Corpus Christi,TX,78410,US,3
10971,Micheil De Clairmont,mdeqy@ebay.com,1971-04-27,M,Roanoke,VA,24048,US,1
10972,Talyah Ladson,tladsonqz@posterous.com,1993-05-02,F,San Diego,CA,92115,US,1
10973,Gwenora Punter,gpunterr0@cloudflare.com,1958-07-14,F,New York City,NY,10165,US,3
10974,Solomon Veall,sveallr1@t-online.de,1996-05-07,M,Huntsville,AL,35895,US,2
10975,Rollie Ifill,rifillr2@etsy.com,1997-03-24,M,Winston Salem,NC,27157,US,2
10976,Cherianne Gorusso,cgorussor3@cdc.gov,1977-01-11,F,Houston,TX,77212,US,1
10977,Towney Muckle,tmuckler4@feedburner.com,1987-11-25,M,Littleton,CO,80161,US,1
10978,Jamil Ledger,jledgerr5@narod.ru,1991-07-17,M,Everett,WA,98206,US,2
10979,Clementina Pennrington,cpennringtonr6@usgs.gov,1979-03-06,F,Billings,MT,59105,US,4
10980,Hersh Castilla,hcastillar7@aboutads.info,1970-07-13,M,Worcester,MA,01654,US,1
10981,Crawford Destouche,cdestoucher8@zdnet.com,1976-11-06,M,San Jose,CA,95155,US,6
10982,Aurore Groger,agrogerr9@ifeng.com,1983-01-04,F,Ann Arbor,MI,48107,US,2
10983,Lenna Rheubottom,lrheubottomra@sitemeter.com,1989-02-12,F,Flushing,NY,11355,US,3
10984,Susy Lambertson,slambertsonrb@livejournal.com,1984-12-03,F,Minneapolis,MN,55407,US,2
10985,Jay McTeague,jmcteaguerc@wikipedia.org,1960-02-14,M,Jacksonville,FL,32225,US,2
10986,Kizzie Beeson,kbeesonrd@so-net.ne.jp,1987-06-30,F,El Paso,TX,88563,US,3
10987,Roseanna Melonby,rmelonbyre@globo.com,1963-03-23,F,Chicago,IL,60652,US,1
10988,Barton Burle,bburlerf@wired.com,1983-01-25,M,Chicago,IL,60669,US,1
10989,Yasmin Roblou,yroblourg@chron.com,1976-06-19,F,New York City,NY,10170,US,3
10990,Sal Jahns,sjahnsrh@ucoz.com,1979-12-22,M,San Diego,CA,92170,US,2
10991,Michaelina O'Cannon,mocannonri@bloomberg.com,1981-09-10,F,Houston,TX,77228,US,2
10992,Chen Bensusan,cbensusanrj@technorati.com,1994-05-15,M,Pueblo,CO,81010,US,1
10993,Terencio Mohammed,tmohammedrk@aol.com,1980-06-24,M,San Jose,CA,95138,US,1
10994,Hailee Deighton,hdeightonrl@unblog.fr,1975-06-21,F,Greenville,SC,29615,US,2
10995,Debby Linfield,dlinfieldrm@cbsnews.com,1994-03-14,F,Aurora,CO,80045,US,1
10996,Curtis Girvin,cgirvinrn@amazonaws.com,1981-07-01,M,Indianapolis,IN,46295,US,1
10997,Anatollo Arch,aarchro@hexun.com,1985-08-01,M,Washington,DC,20041,US,1
10998,Nowell Darragh,ndarraghrp@nbcnews.com,1973-08-02,M,Pensacola,FL,32526,US,2
10999,Martie Soles,msolesrq@google.it,1983-04-01,F,Wilmington,DE,19897,US,2
11000,Jeniece Petrusch,jpetruschrr@aol.com,1965-10-25,F,New Orleans,LA,70179,US,1
